Company_Name,Dependent.Company.Status,Focus.functions.of.company,Number.of.Co.founders,Number.of.of.advisors,Team.size.Senior.leadership,Number.of.of.repeat.investors,Worked.in.top.companies,Average.size.of.companies.worked.for.in.the.past,Have.been.part.of.startups.in.the.past.,Have.been.part.of.successful.startups.in.the.past.,Product.or.service.company.,Focus.on.private.or.public.data.,Focus.on.consumer.data.,Subscription.based.business,Cloud.or.platform.based.serive.product.,Local.or.global.player,Linear.or.Non.linear.business.model,Capital.intensive.business.e.g..e.commerce..Engineering.products.and.operations.can.also.cause.a.business.to.be.capital.intensive,Crowdsourcing.based.business,Crowdfunding.based.business,Machine.Learning.based.business
COMPANY1,SUCCESS,OPERATION,1,2,2,4,NO,SMALL,NO,NO,SERVICE,PRIVATE,NO,YES,PLATFORM,GLOBAL,LINEAR,YES,NO,NO,NO
COMPANY2,SUCCESS,"MARKETING, SALES",2,0,4,0,YES,LARGE,YES,YES,PRODUCT,PUBLIC,YES,NO,PLATFORM,LOCAL,NON-LINEAR,NO,YES,NO,YES
COMPANY3,SUCCESS,OPERATIONS,3,0,7,0,YES,MEDIUM,NO,NO,BOTH,PRIVATE,YES,YES,CLOUD,LOCAL,NON-LINEAR,NO,NO,NO,NO
COMPANY4,SUCCESS,MARKETING & SALES,2,0,4,0,NO,LARGE,YES,YES,PRODUCT,PUBLIC,YES,YES,PLATFORM,LOCAL,NON-LINEAR,NO,YES,NO,NO
COMPANY5,SUCCESS,MARKETING & SALES,1,1,8,0,NO,SMALL,NO,NO,PRODUCT,PUBLIC,YES,NO,PLATFORM,LOCAL,NON-LINEAR,YES,NO,NO,NO
COMPANY6,SUCCESS,ANALYTICS,4,0,4,2,NO,MEDIUM,NO,NO,SERVICE,PUBLIC,YES,NO,PLATFORM,LOCAL,NON-LINEAR,NO,NO,NO,NO
COMPANY7,SUCCESS,RESEARCH,2,9,2,4,NO,SMALL,YES,YES,BOTH,PUBLIC,YES,YES,PLATFORM,LOCAL,NON-LINEAR,NO,NO,NO,NO
COMPANY8,SUCCESS,COMPUTING,3,4,4,0,NO,LARGE,YES,YES,BOTH,PRIVATE,NO,NO,PLATFORM,LOCAL,NON-LINEAR,NO,NO,NO,NO
COMPANY9,SUCCESS,MARKETING,2,0,2,0,YES,MEDIUM,YES,YES,PRODUCT,PUBLIC,YES,NO,PLATFORM,LOCAL,NON-LINEAR,NO,YES,NO,NO
COMPANY10,SUCCESS,RESEARCH,3,4,3,0,YES,MEDIUM,YES,YES,PRODUCT,PUBLIC,YES,NO,PLATFORM,GLOBAL,NON-LINEAR,NO,NO,NO,NO
COMPANY11,SUCCESS,"SALES, MARKETING",2,1,8,0,NO,SMALL,YES,YES,BOTH,PUBLIC,YES,NO,PLATFORM,GLOBAL,NON-LINEAR,NO,NO,NO,NO
COMPANY12,SUCCESS,OPERATIONS,0,1,7,1,NO,SMALL,YES,YES,PRODUCT,PRIVATE,NO,NO,PLATFORM,GLOBAL,NON-LINEAR,NO,NO,NO,NO
COMPANY13,SUCCESS,"MARKETING 
SALES",0,1,8,1,NO,MEDIUM,YES,YES,PRODUCT,PRIVATE,YES,NO,CLOUD,LOCAL,NON-LINEAR,YES,NO,NO,NO
COMPANY14,SUCCESS,TECHNOLOGY,3,0,6,0,NO,LARGE,YES,NO,PRODUCT,PUBLIC,YES,YES,CLOUD,GLOBAL,NON-LINEAR,NO,NO,NO,NO
COMPANY15,SUCCESS,"MARKETING, SALES",2,0,5,0,NO,MEDIUM,NO,NO,PRODUCT,PUBLIC,YES,NO,PLATFORM,LOCAL,NON-LINEAR,NO,NO,NO,YES
COMPANY16,SUCCESS,DATA MANAGEMENT,2,0,8,0,NO,SMALL,NO,NO,BOTH,PUBLIC,YES,NO,PLATFORM,GLOBAL,NON-LINEAR,YES,NO,NO,NO
COMPANY17,SUCCESS,MARKETING,1,0,7,2,NO,SMALL,NO,NO,PRODUCT,PUBLIC,YES,NO,PLATFORM,LOCAL,NON-LINEAR,YES,NO,NO,NO
COMPANY18,SUCCESS,MARKETING & SALES,3,0,8,2,NO,SMALL,NO,NO,BOTH,BOTH,YES,NO,PLATFORM,GLOBAL,NON-LINEAR,NO,NO,NO,YES
COMPANY19,SUCCESS,SOLUTION PROVIDING,0,0,8,0,YES,SMALL,YES,YES,BOTH,PUBLIC,YES,NO,PLATFORM,LOCAL,NON-LINEAR,YES,NO,NO,YES
COMPANY20,SUCCESS,"MARKETING 
SALES",2,0,4,0,NO,SMALL,YES,YES,PRODUCT,PRIVATE,YES,NO,CLOUD,LOCAL,NON-LINEAR,YES,NO,NO,NO
COMPANY21,SUCCESS,MARKETING,2,0,5,0,YES,MEDIUM,YES,NO,BOTH,PRIVATE,YES,NO,CLOUD,GLOBAL,NON-LINEAR,NO,NO,NO,YES
COMPANY22,SUCCESS,SOCIAL MEDIA,2,0,4,0,NO,MEDIUM,YES,YES,BOTH,PUBLIC,NO,YES,PLATFORM,GLOBAL,NON-LINEAR,NO,NO,NO,YES
COMPANY23,SUCCESS,MARKETING,3,8,3,2,YES,MEDIUM,YES,YES,SERVICE,PRIVATE,YES,NO,PLATFORM,GLOBAL,NON-LINEAR,NO,NO,NO,NO
COMPANY24,SUCCESS,TARGETED MARKETING,2,6,5,4,NO,SMALL,YES,YES,SERVICE,BOTH,NO,NO,PLATFORM,GLOBAL,NON-LINEAR,NO,NO,NO,NO
COMPANY25,SUCCESS,COMMUNITY BETTERMENT,2,0,2,0,NO,SMALL,YES,YES,SERVICE,PUBLIC,NO,YES,PLATFORM,LOCAL,LINEAR,YES,YES,NO,YES
COMPANY26,SUCCESS,WEB ANALYTICS,2,1,3,0,NO,SMALL,YES,YES,SERVICE,PRIVATE,YES,YES,PLATFORM,GLOBAL,NON-LINEAR,NO,NO,NO,NO
COMPANY27,SUCCESS,STRATEGY,3,0,3,0,NO,MEDIUM,NO,NO,SERVICE,PRIVATE,NO,NO,PLATFORM,GLOBAL,NON-LINEAR,NO,NO,NO,NO
COMPANY28,SUCCESS,SOCIAL MEDIA,1,0,1,0,NO,SMALL,NO,NO,SERVICE,PRIVATE,NO,YES,PLATFORM,GLOBAL,NON-LINEAR,NO,NO,NO,YES
COMPANY29,SUCCESS,STRATEGY,2,8,10,2,NO,MEDIUM,NO,NO,SERVICE,PRIVATE,NO,NO,PLATFORM,LOCAL,LINEAR,YES,NO,NO,YES
COMPANY30,SUCCESS,BUG FIX,2,0,2,0,NO,SMALL,NO,NO,SERVICE,PRIVATE,NO,NO,PLATFORM,GLOBAL,NON-LINEAR,NO,YES,NO,NO
COMPANY31,SUCCESS,DATA INTEGRATION,4,0,4,0,NO,SMALL,NO,NO,SERVICE,PRIVATE,NO,YES,PLATFORM,GLOBAL,LINEAR,YES,NO,NO,NO
COMPANY32,SUCCESS,MALWARE PROTECTION,2,0,7,3,YES,LARGE,YES,NO,SERVICE,PRIVATE,NO,YES,PLATFORM,LOCAL,LINEAR,YES,NO,NO,YES
COMPANY33,SUCCESS,ANALYTICS,3,2,5,3,NO,SMALL,NO,NO,PRODUCT,BOTH,NO,YES,PLATFORM,GLOBAL,NON-LINEAR,NO,NO,NO,NO
COMPANY34,SUCCESS,SOCIAL MEDIA OPTIMIZATION,3,0,4,0,NO,MEDIUM,YES,NO,SERVICE,BOTH,NO,YES,PLATFORM,GLOBAL,NON-LINEAR,NO,NO,NO,YES
COMPANY35,SUCCESS,ANALYTICS,1,0,6,1,NO,MEDIUM,YES,YES,PRODUCT,PRIVATE,NO,YES,PLATFORM,GLOBAL,NON-LINEAR,NO,NO,NO,YES
COMPANY36,SUCCESS,MARKETING,2,6,4,0,NO,MEDIUM,NO,NO,SERVICE,PUBLIC,YES,YES,PLATFORM,GLOBAL,NON-LINEAR,NO,NO,NO,YES
COMPANY37,SUCCESS,DATABASE MANAGEMENT,4,4,4,2,NO,MEDIUM,NO,NO,SERVICE,PRIVATE,YES,NO,PLATFORM,GLOBAL,LINEAR,YES,NO,NO,NO
COMPANY38,SUCCESS,OPERATIONS,2,3,2,1,NO,SMALL,YES,YES,PRODUCT,PRIVATE,YES,YES,PLATFORM,GLOBAL,NON-LINEAR,NO,NO,NO,NO
COMPANY39,SUCCESS,TECHNOLOGY,2,0,4,4,NO,MEDIUM,NO,NO,SERVICE,PRIVATE,YES,YES,PLATFORM,LOCAL,NON-LINEAR,NO,NO,NO,NO
COMPANY40,SUCCESS,ANALYTICS,5,0,5,0,YES,SMALL,NO,NO,SERVICE,PUBLIC,YES,YES,PLATFORM,GLOBAL,NON-LINEAR,NO,NO,NO,NO
COMPANY41,SUCCESS,MARKETING,2,1,2,0,NO,SMALL,YES,NO,SERVICE,PRIVATE,NO,YES,PLATFORM,LOCAL,NON-LINEAR,YES,NO,NO,YES
COMPANY42,SUCCESS,OPERATIONS,2,9,3,0,NO,SMALL,YES,YES,PRODUCT,PRIVATE,YES,YES,CLOUD,LOCAL,LINEAR,NO,NO,NO,YES
COMPANY43,SUCCESS,OPERATIONS,0,8,3,0,NO,MEDIUM,NO,NO,SERVICE,PUBLIC,NO,NO,PLATFORM,GLOBAL,LINEAR,NO,NO,NO,YES
COMPANY44,SUCCESS,SALES,3,0,6,1,NO,SMALL,NO,NO,PRODUCT,PRIVATE,YES,YES,CLOUD,GLOBAL,NON-LINEAR,NO,NO,NO,NO
COMPANY45,SUCCESS,ANALYTICS,2,3,4,3,NO,LARGE,YES,YES,PRODUCT,PUBLIC,NO,NO,PLATFORM,LOCAL,NON-LINEAR,NO,NO,NO,NO
COMPANY46,SUCCESS,TECHNOLOGY,4,10,6,0,NO,SMALL,YES,YES,PRODUCT,PRIVATE,YES,YES,CLOUD,GLOBAL,NON-LINEAR,NO,NO,NO,NO
COMPANY47,SUCCESS,TECHNOLOGY,2,2,2,0,NO,MEDIUM,NO,NO,PRODUCT,PRIVATE,NO,YES,PLATFORM,GLOBAL,NON-LINEAR,NO,NO,NO,NO
COMPANY48,SUCCESS,RISK,2,13,14,0,NO,MEDIUM,YES,YES,PRODUCT,PRIVATE,YES,NO,PLATFORM,GLOBAL,NON-LINEAR,NO,NO,NO,NO
COMPANY49,SUCCESS,OPERATIONS,2,0,9,0,NO,LARGE,NO,NO,SERVICE,PRIVATE,YES,YES,PLATFORM,GLOBAL,NON-LINEAR,NO,NO,NO,NO
COMPANY50,FAILED,MARKETING,2,0,2,3,YES,SMALL,YES,YES,PRODUCT,PRIVATE,YES,YES,CLOUD,LOCAL,NON-LINEAR,NO,NO,NO,YES
COMPANY51,SUCCESS,"MARKETING, WEB ANALYTICS",2,1,3,2,NO,MEDIUM,YES,YES,SERVICE,BOTH,NO,YES,CLOUD,GLOBAL,NON-LINEAR,NO,NO,NO,NO
COMPANY52,SUCCESS,MARKETING,2,2,4,3,YES,LARGE,YES,YES,BOTH,PRIVATE,YES,NO,PLATFORM,GLOBAL,NON-LINEAR,NO,NO,NO,YES
COMPANY53,SUCCESS,"STRATEGY, OPERATIONS, FINACIAL PLANNING",3,5,7,4,NO,LARGE,NO,NO,BOTH,PRIVATE,NO,YES,CLOUD,GLOBAL,NON-LINEAR,NO,NO,NO,YES
COMPANY54,SUCCESS,STRATEGY,4,3,8,5,NO,MEDIUM,NO,NO,SERVICE,PRIVATE,NO,YES,PLATFORM,GLOBAL,NON-LINEAR,NO,NO,NO,YES
COMPANY55,SUCCESS,MARKETING,1,3,4,2,NO,MEDIUM,NO,NO,SERVICE,BOTH,NO,YES,PLATFORM,GLOBAL,LINEAR,YES,NO,NO,NO
COMPANY56,SUCCESS,DATA COLLECTION,2,2,3,1,NO,MEDIUM,NO,NO,SERVICE,PRIVATE,NO,YES,CLOUD,GLOBAL,LINEAR,YES,NO,NO,NO
COMPANY57,SUCCESS,MARKETIING,2,2,3,0,YES,LARGE,NO,NO,PRODUCT,NO,NO,NO,PLATFORM,LOCAL,NON-LINEAR,NO,NO,NO,NO
COMPANY58,SUCCESS,MARKETING,2,2,4,0,YES,SMALL,YES,YES,PRODUCT,BOTH,YES,NO,PLATFORM,GLOBAL,LINEAR,YES,NO,NO,NO
COMPANY59,SUCCESS,ANALYTICS,2,0,2,0,NO,SMALL,YES,YES,SERVICE,BOTH,YES,NO,PLATFORM,LOCAL,NON-LINEAR,NO,NO,NO,NO
COMPANY60,SUCCESS,ANALYTICS,2,0,2,0,NO,MEDIUM,NO,NO,PRODUCT,NO,YES,YES,PLATFORM,LOCAL,NON-LINEAR,NO,NO,NO,NO
COMPANY61,SUCCESS,ANALYTICS,2,0,2,2,YES,LARGE,NO,NO,PRODUCT,BOTH,NO,YES,PLATFORM,GLOBAL,NON-LINEAR,YES,NO,NO,NO
COMPANY62,SUCCESS,ANALYTICS,2,1,4,0,NO,SMALL,YES,YES,SERVICE,BOTH,NO,NO,PLATFORM,GLOBAL,LINEAR,NO,NO,NO,NO
COMPANY63,SUCCESS,SALES,2,1,2,0,NO,LARGE,NO,NO,SERVICE,NO,NO,NO,NONE,LOCAL,NON-LINEAR,NO,NO,NO,NO
COMPANY64,SUCCESS,E-LEARNING,2,0,2,0,NO,SMALL,YES,YES,PRODUCT,NO,NO,YES,PLATFORM,GLOBAL,LINEAR,NO,NO,NO,NO
COMPANY65,SUCCESS,SALES,2,0,2,0,NO,LARGE,YES,NO,PRODUCT,NO,NO,NO,NONE,LOCAL,LINEAR,YES,NO,NO,NO
COMPANY66,SUCCESS,SOFTWARE SERVICE,2,0,1,0,NO,SMALL,YES,YES,SERVICE,NO,NO,NO,NONE,GLOBAL,LINEAR,YES,NO,NO,NO
COMPANY67,SUCCESS,MOBILE APP,4,1,5,0,NO,SMALL,YES,YES,SERVICE,NO,NO,YES,PLATFORM,GLOBAL,NON-LINEAR,NO,NO,NO,NO
COMPANY68,SUCCESS,APPLICATION,2,0,2,0,NO,MEDIUM,YES,YES,SERVICE,NO,YES,YES,PLATFORM,LOCAL,NON-LINEAR,NO,NO,NO,NO
COMPANY69,SUCCESS,TECHNOLOGY,2,0,2,0,NO,SMALL,YES,YES,PRODUCT,NO,NO,YES,PLATFORM,GLOBAL,NON-LINEAR,NO,NO,NO,NO
COMPANY70,SUCCESS,ANALYTIC,4,0,4,0,NO,SMALL,YES,YES,PRODUCT,BOTH,YES,YES,PLATFORM,GLOBAL,NON-LINEAR,NO,NO,NO,NO
COMPANY71,SUCCESS,ANALYTIC,3,0,5,0,NO,SMALL,YES,YES,SERVICE,NO,YES,YES,PLATFORM,GLOBAL,NON-LINEAR,NO,NO,NO,NO
COMPANY72,SUCCESS,ANALYTIC,0,0,3,0,NO,MEDIUM,NO,NO,PRODUCT,BOTH,YES,NO,PLATFORM,GLOBAL,NON-LINEAR,NO,NO,NO,NO
COMPANY73,SUCCESS,ANALYTIC,3,0,3,0,NO,LARGE,NO,NO,PRODUCT,BOTH,YES,NO,PLATFORM,GLOBAL,NON-LINEAR,NO,NO,NO,NO
COMPANY74,SUCCESS,SOFTWARE ,2,0,3,0,NO,LARGE,NO,NO,PRODUCT,NO,NO,NO,PLATFORM,GLOBAL,NON-LINEAR,NO,NO,NO,NO
COMPANY75,SUCCESS,SOFTWARE ,2,0,3,0,NO,SMALL,YES,YES,SERVICE,BOTH,NO,NO,PLATFORM,LOCAL,NON-LINEAR,NO,NO,NO,NO
COMPANY76,SUCCESS,SOFTWARE ,2,0,5,0,NO,SMALL,YES,YES,PRODUCT,NO,YES,YES,PLATFORM,LOCAL,NON-LINEAR,NO,NO,NO,NO
COMPANY77,SUCCESS,TECHNOLOGY,2,0,2,1,NO,LARGE,YES,YES,SERVICE,PUBLIC,NO,NO,BOTH,LOCAL,NON-LINEAR,YES,NO,NO,NO
COMPANY78,SUCCESS,SOCIAL MEDIA,4,0,3,0,NO,LARGE,NO,NO,SERVICE,PUBLIC,YES,NO,BOTH,GLOBAL,NON-LINEAR,NO,YES,NO,YES
COMPANY79,SUCCESS,SOCIAL MEDIA MANAGEMENT,3,0,3,0,NO,MEDIUM,YES,YES,SERVICE,PUBLIC,YES,YES,NONE,GLOBAL,LINEAR,NO,NO,YES,YES
COMPANY80,SUCCESS,OPERATIONS,3,1,2,0,NO,LARGE,NO,NO,PRODUCT,BOTH,NO,YES,NONE,GLOBAL,LINEAR,NO,NO,NO,YES
COMPANY81,SUCCESS,MARKETING,2,0,3,0,NO,LARGE,YES,YES,SERVICE,PUBLIC,NO,YES,BOTH,GLOBAL,NON-LINEAR,NO,NO,NO,YES
COMPANY82,SUCCESS,PERSONAL APPS,2,0,7,0,NO,SMALL,YES,YES,PRODUCT,PRIVATE,NO,YES,BOTH,GLOBAL,LINEAR,NO,NO,NO,YES
COMPANY83,SUCCESS,CONSUMER BEHAVIOUR,5,2,5,0,NO,SMALL,NO,NO,SERVICE,PUBLIC,NO,NO,BOTH,GLOBAL,LINEAR,NO,NO,YES,YES
COMPANY84,SUCCESS,CUSTOMER SERVCE,2,0,2,0,NO,SMALL,YES,YES,SERVICE,PUBLIC,NO,YES,BOTH,GLOBAL,LINEAR,NO,NO,NO,YES
COMPANY85,SUCCESS,CUSTOMER SERVICE,4,0,2,0,NO,SMALL,NO,NO,SERVICE,PUBLIC,NO,YES,BOTH,GLOBAL,NON-LINEAR,NO,NO,NO,YES
COMPANY86,SUCCESS,MARKETING,2,0,1,0,NO,LARGE,YES,NO,SERVICE,PUBLIC,NO,YES,BOTH,LOCAL,NON-LINEAR,YES,NO,NO,YES
COMPANY87,SUCCESS,APP REVENUE,3,1,3,0,NO,SMALL,YES,YES,SERVICE,PUBLIC,NO,YES,BOTH,LOCAL,NON-LINEAR,NO,NO,NO,YES
COMPANY88,SUCCESS,OPERATIONS,2,3,5,0,NO,MEDIUM,YES,YES,SERVICE,PUBLIC,NO,YES,BOTH,LOCAL,LINEAR,NO,NO,NO,NO
COMPANY89,SUCCESS,INTELLECTUAL PROPERTY ANALYSIS AND VISUALISATION,2,0,2,1,NO,SMALL,YES,NO,SERVICE,PUBLIC,NO,YES,BOTH,LOCAL,NON-LINEAR,NO,NO,NO,YES
COMPANY90,SUCCESS,RETAIL,2,0,4,0,NO,SMALL,YES,NO,SERVICE,PUBLIC,NO,YES,BOTH,GLOBAL,LINEAR,NO,NO,NO,YES
COMPANY91,SUCCESS,DATA VISUALIZATION,0,0,6,0,YES,SMALL,YES,YES,SERVICE,BOTH,YES,NO,BOTH,GLOBAL,NON-LINEAR,NO,NO,NO,NO
COMPANY92,SUCCESS,ANALYTICS,0,0,12,0,NO,LARGE,YES,YES,PRODUCT,BOTH,YES,NO,NONE,GLOBAL,LINEAR,NO,NO,NO,YES
COMPANY93,SUCCESS,SERVICE,3,2,8,0,NO,SMALL,YES,YES,SERVICE,NO,NO,NO,CLOUD,LOCAL,NON-LINEAR,NO,NO,NO,NO
COMPANY94,SUCCESS,ANALYTICS,2,2,12,0,YES,LARGE,YES,YES,SERVICE,BOTH,YES,YES,PLATFORM,GLOBAL,LINEAR,NO,NO,NO,NO
COMPANY95,SUCCESS,ANALYTICS,0,0,2,0,NO,LARGE,YES,YES,SERVICE,BOTH,YES,NO,PLATFORM,LOCAL,NON-LINEAR,NO,NO,NO,NO
COMPANY96,SUCCESS,MARKETING,2,0,3,0,NO,MEDIUM,NO,NO,PRODUCT,NO,NO,NO,PLATFORM,GLOBAL,NON-LINEAR,YES,NO,NO,NO
COMPANY97,SUCCESS,SOCIAL MEDIA,3,1,3,0,NO,SMALL,NO,NO,SERVICE,BOTH,YES,NO,NONE,GLOBAL,NON-LINEAR,NO,NO,NO,NO
COMPANY98,SUCCESS,SALES,4,0,4,0,NO,SMALL,YES,NO,SERVICE,BOTH,YES,NO,PLATFORM,LOCAL,LINEAR,NO,NO,NO,NO
COMPANY99,SUCCESS,SERVICE,2,0,2,0,NO,SMALL,YES,YES,PRODUCT,BOTH,NO,NO,PLATFORM,LOCAL,NON-LINEAR,NO,NO,NO,NO
COMPANY100,SUCCESS,SERVICE,2,0,4,0,NO,MEDIUM,YES,YES,PRODUCT,BOTH,YES,NO,PLATFORM,LOCAL,NON-LINEAR,NO,NO,NO,NO
COMPANY101,SUCCESS,SERVICE,2,0,4,2,NO,MEDIUM,NO,NO,PRODUCT,NO,NO,YES,PLATFORM,LOCAL,LINEAR,YES,NO,NO,NO
COMPANY102,SUCCESS,ANALYTICS,3,0,3,0,NO,SMALL,YES,YES,PRODUCT,BOTH,YES,NO,PLATFORM,GLOBAL,NON-LINEAR,NO,NO,NO,NO
COMPANY103,SUCCESS,SECURITY,2,0,4,0,NO,SMALL,YES,YES,PRODUCT,BOTH,NO,NO,PLATFORM,GLOBAL,LINEAR,YES,NO,NO,YES
COMPANY104,SUCCESS,SERVICE,1,0,1,0,NO,MEDIUM,YES,YES,SERVICE,BOTH,YES,YES,PLATFORM,GLOBAL,NON-LINEAR,NO,NO,NO,NO
COMPANY105,SUCCESS,SERVICE,0,1,7,0,NO,MEDIUM,YES,YES,SERVICE,BOTH,YES,YES,CLOUD,GLOBAL,NON-LINEAR,NO,NO,NO,NO
COMPANY106,SUCCESS,MARKETING,1,0,2,0,NO,SMALL,YES,NO,SERVICE,NO,NO,NO,CLOUD,GLOBAL,LINEAR,NO,NO,NO,NO
COMPANY107,SUCCESS,OPERATION,3,2,5,1,NO,SMALL,YES,YES,SERVICE,PRIVATE,YES,NO,CLOUD,GLOBAL,NON-LINEAR,NO,NO,NO,NO
COMPANY108,SUCCESS,"MARKETING, SALES",2,0,2,2,YES,LARGE,YES,YES,SERVICE,PRIVATE,NO,NO,CLOUD,GLOBAL,LINEAR,NO,NO,NO,NO
COMPANY109,SUCCESS,MARKETING,1,0,3,0,NO,SMALL,YES,YES,PRODUCT,PUBLIC,YES,YES,CLOUD,GLOBAL,NON-LINEAR,NO,NO,NO,NO
COMPANY110,SUCCESS,RESEARCH,0,0,3,0,NO,SMALL,YES,NO,SERVICE,PUBLIC,YES,NO,CLOUD,LOCAL,NON-LINEAR,NO,NO,NO,NO
COMPANY111,SUCCESS,"OPERATIONS, SALES, MARKETING",2,1,5,0,NO,MEDIUM,NO,NO,BOTH,PRIVATE,YES,NO,PLATFORM,LOCAL,NON-LINEAR,NO,NO,NO,NO
COMPANY112,SUCCESS,OPERATIONS,3,4,4,0,NO,LARGE,YES,YES,BOTH,PUBLIC,NO,NO,CLOUD,GLOBAL,NON-LINEAR,NO,NO,NO,NO
COMPANY113,SUCCESS,RESEARCH,0,0,3,0,NO,SMALL,YES,YES,PRODUCT,BOTH,YES,NO,PLATFORM,LOCAL,NON-LINEAR,NO,NO,NO,YES
COMPANY114,SUCCESS,MARKETING & SALES,0,0,4,0,YES,LARGE,NO,NO,PRODUCT,PUBLIC,YES,NO,PLATFORM,LOCAL,NON-LINEAR,NO,YES,NO,NO
COMPANY115,SUCCESS,MARKETING & SALES,1,2,4,0,YES,LARGE,NO,NO,BOTH,PUBLIC,YES,NO,PLATFORM,GLOBAL,NON-LINEAR,YES,NO,NO,NO
COMPANY116,SUCCESS,OPERATIONS,0,0,3,0,YES,LARGE,YES,YES,PRODUCT,PUBLIC,YES,YES,PLATFORM,GLOBAL,NON-LINEAR,NO,YES,NO,NO
COMPANY117,SUCCESS,"MARKETING, TECHNOLOGY, FINANCE & ACCOUNTING, CUSTOMER SERVICE",0,4,4,0,NO,SMALL,YES,YES,PRODUCT,BOTH,YES,YES,PLATFORM,LOCAL,NON-LINEAR,NO,NO,NO,NO
COMPANY118,SUCCESS,OPERATION,3,0,4,0,NO,MEDIUM,NO,NO,SERVICE,PRIVATE,NO,NO,PLATFORM,LOCAL,NON-LINEAR,YES,NO,NO,NO
COMPANY119,SUCCESS,"COMPUTING, TRAINING",2,7,5,3,NO,SMALL,YES,NO,BOTH,PRIVATE,NO,NO,CLOUD,GLOBAL,NON-LINEAR,YES,NO,NO,NO
COMPANY120,SUCCESS,MARKETING,2,1,8,0,NO,MEDIUM,YES,YES,PRODUCT,PUBLIC,YES,NO,PLATFORM,LOCAL,NON-LINEAR,NO,NO,NO,NO
COMPANY121,SUCCESS,MARKETING,0,0,7,0,NO,MEDIUM,YES,NO,PRODUCT,PRIVATE,YES,NO,PLATFORM,LOCAL,NON-LINEAR,NO,NO,NO,NO
COMPANY122,SUCCESS,"OPERATIONS, MARKETING",1,0,4,0,NO,SMALL,YES,YES,PRODUCT,PRIVATE,YES,NO,PLATFORM,LOCAL,NON-LINEAR,YES,NO,NO,YES
COMPANY123,SUCCESS,SOCIAL ADVERTISING,0,4,2,0,NO,LARGE,YES,YES,PRODUCT,PUBLIC,YES,NO,CLOUD,GLOBAL,NON-LINEAR,NO,NO,NO,NO
COMPANY124,SUCCESS,RESEARCH,3,7,7,1,NO,MEDIUM,YES,YES,PRODUCT,PUBLIC,YES,NO,PLATFORM,LOCAL,NON-LINEAR,YES,NO,NO,NO
COMPANY125,SUCCESS,OPERATIONS,2,0,4,1,YES,LARGE,NO,NO,PRODUCT,PRIVATE,NO,NO,CLOUD,LOCAL,NON-LINEAR,YES,NO,NO,NO
COMPANY126,SUCCESS,"MARKETING, SALES",5,0,6,0,NO,LARGE,YES,YES,PRODUCT,BOTH,YES,NO,PLATFORM,GLOBAL,NON-LINEAR,NO,NO,NO,YES
COMPANY127,SUCCESS,MARKETING,1,7,9,2,NO,LARGE,YES,YES,PRODUCT,BOTH,YES,NO,CLOUD,LOCAL,NON-LINEAR,YES,NO,NO,NO
COMPANY128,SUCCESS,"MARKETING, SALES",2,0,3,0,NO,MEDIUM,YES,YES,BOTH,PUBLIC,YES,NO,PLATFORM,LOCAL,NON-LINEAR,NO,NO,NO,NO
COMPANY129,SUCCESS,OPERATION,1,0,5,0,NO,SMALL,NO,NO,PRODUCT,BOTH,NO,YES,CLOUD,GLOBAL,NON-LINEAR,NO,NO,NO,NO
COMPANY130,SUCCESS,RISK,0,0,10,0,NO,LARGE,NO,NO,BOTH,BOTH,YES,NO,PLATFORM,LOCAL,NON-LINEAR,NO,NO,NO,NO
COMPANY131,SUCCESS,"MARKETING, SALES",0,0,6,3,NO,SMALL,YES,YES,PRODUCT,BOTH,YES,NO,PLATFORM,GLOBAL,NON-LINEAR,NO,NO,NO,NO
COMPANY132,SUCCESS,"MARKETING 
SALES",2,0,12,1,NO,SMALL,YES,YES,PRODUCT,PRIVATE,YES,NO,CLOUD,GLOBAL,NON-LINEAR,NO,YES,NO,NO
COMPANY133,SUCCESS,RESEARCH,3,3,4,0,NO,MEDIUM,YES,YES,PRODUCT,PUBLIC,YES,YES,PLATFORM,GLOBAL,NON-LINEAR,NO,NO,NO,NO
COMPANY134,SUCCESS,DATA COLLECTION ,1,0,8,0,NO,SMALL,YES,YES,PRODUCT,PUBLIC,YES,NO,PLATFORM,LOCAL,NON-LINEAR,NO,NO,NO,YES
COMPANY135,SUCCESS,MARKETING,1,0,1,0,NO,SMALL,NO,NO,PRODUCT,PRIVATE,NO,YES,CLOUD,LOCAL,NON-LINEAR,NO,NO,NO,NO
COMPANY136,FAILED,"DEVELOPMENT, MARKETING, AND ADMINISTRATION",3,1,5,0,NO,MEDIUM,YES,YES,BOTH,PRIVATE,YES,NO,PLATFORM,LOCAL,NON-LINEAR,NO,NO,NO,NO
COMPANY137,FAILED,IT & SALES,0,0,8,0,NO,LARGE,YES,YES,PRODUCT,NO,NO,NO,PLATFORM,LOCAL,LINEAR,NO,NO,NO,NO
COMPANY138,FAILED,SOCIAL NEWS,1,0,6,0,YES,MEDIUM,YES,YES,PRODUCT,PUBLIC,NO,NO,PLATFORM,GLOBAL,NON-LINEAR,NO,YES,NO,NO
COMPANY139,FAILED,WEB,3,0,5,0,NO,SMALL,NO,NO,PRODUCT,PUBLIC,YES,NO,PLATFORM,GLOBAL,NON-LINEAR,YES,NO,NO,YES
COMPANY140,FAILED,SALE,0,0,5,1,NO,SMALL,YES,YES,SERVICE,PUBLIC,NO,NO,PLATFORM,LOCAL,NON-LINEAR,YES,NO,NO,NO
COMPANY142,FAILED,OPERATION,0,0,5,0,NO,SMALL,YES,YES,PRODUCT,NO,NO,NO,PLATFORM,GLOBAL,NON-LINEAR,NO,NO,NO,NO
COMPANY143,FAILED,SALES,1,0,1,0,NO,SMALL,NO,NO,PRODUCT,NO,NO,NO,PLATFORM,LOCAL,LINEAR,YES,NO,NO,NO
COMPANY145,FAILED,CONSUMER WEB,3,0,5,0,NO,MEDIUM,NO,NO,PRODUCT,PUBLIC,NO,NO,CLOUD,LOCAL,NON-LINEAR,YES,YES,NO,NO
COMPANY146,FAILED,WRITING BLOG,0,0,1,0,NO,SMALL,NO,NO,PRODUCT,PUBLIC,YES,NO,PLATFORM,GLOBAL,NON-LINEAR,NO,NO,NO,NO
COMPANY148,FAILED,CURATED WEB,1,0,1,0,NO,MEDIUM,YES,YES,SERVICE,PRIVATE,NO,YES,PLATFORM,GLOBAL,NON-LINEAR,NO,YES,NO,NO
COMPANY149,SUCCESS,MARKETING,2,0,6,1,NO,SMALL,NO,NO,SERVICE,PRIVATE,NO,YES,PLATFORM,LOCAL,NON-LINEAR,NO,YES,NO,NO
COMPANY150,FAILED,DATA MANAGEMENT,1,0,1,0,NO,SMALL,NO,NO,SERVICE,PRIVATE,NO,YES,PLATFORM,LOCAL,NON-LINEAR,NO,NO,NO,NO
COMPANY151,FAILED,RECOMMENDATION ,3,2,6,0,NO,SMALL,YES,YES,SERVICE,PRIVATE,NO,YES,PLATFORM,LOCAL,NON-LINEAR,NO,YES,NO,YES
COMPANY152,SUCCESS,MARKETING,3,2,4,1,NO,SMALL,YES,YES,SERVICE,PUBLIC,YES,YES,PLATFORM,LOCAL,NON-LINEAR,NO,NO,NO,NO
COMPANY153,FAILED,WEB,2,0,2,1,NO,SMALL,NO,NO,SERVICE,PRIVATE,NO,YES,PLATFORM,GLOBAL,NON-LINEAR,NO,YES,NO,NO
COMPANY154,FAILED,MARKETING,2,0,2,0,YES,SMALL,YES,YES,SERVICE,PRIVATE,NO,NO,PLATFORM,GLOBAL,NON-LINEAR,NO,NO,NO,NO
COMPANY155,SUCCESS,"MARKETING,SALES,RISK,OPERATIONS",2,0,3,0,NO,LARGE,YES,YES,SERVICE,PRIVATE,YES,YES,CLOUD,GLOBAL,NON-LINEAR,NO,NO,NO,NO
COMPANY156,SUCCESS,STRATEGY,3,6,11,4,NO,MEDIUM,YES,YES,PRODUCT,PUBLIC,YES,YES,PLATFORM,GLOBAL,LINEAR,YES,NO,NO,NO
COMPANY157,SUCCESS,STRATEGY,2,0,6,6,NO,MEDIUM,YES,YES,PRODUCT,PRIVATE,NO,NO,BOTH,GLOBAL,LINEAR,YES,NO,NO,NO
COMPANY158,SUCCESS,MARKETING,2,0,3,0,NO,SMALL,NO,NO,SERVICE,BOTH,YES,YES,PLATFORM,GLOBAL,NON-LINEAR,NO,NO,NO,YES
COMPANY159,FAILED,MARKETING,2,1,2,0,YES,SMALL,NO,NO,SERVICE,PRIVATE,NO,YES,PLATFORM,GLOBAL,NON-LINEAR,NO,YES,NO,NO
COMPANY160,FAILED,CURATED WEB,2,0,3,0,NO,MEDIUM,YES,YES,SERVICE,PUBLIC,NO,YES,PLATFORM,GLOBAL,LINEAR,YES,YES,NO,YES
COMPANY161,SUCCESS,DEVELOPMENT TOOL,1,6,5,0,NO,MEDIUM,YES,YES,SERVICE,PRIVATE,NO,YES,PLATFORM,GLOBAL,NON-LINEAR,NO,NO,NO,YES
COMPANY162,SUCCESS,STRATEGY,4,1,4,4,NO,SMALL,YES,NO,SERVICE,PRIVATE,NO,NO,PLATFORM,LOCAL,NON-LINEAR,NO,NO,NO,NO
COMPANY163,SUCCESS,TOOL,2,3,3,3,NO,LARGE,YES,NO,PRODUCT,PRIVATE,NO,YES,BOTH,GLOBAL,LINEAR,YES,YES,NO,YES
COMPANY164,SUCCESS,"CUSTOMER RETENTION, CUSTOMER FEEDBACK",2,0,2,0,NO,SMALL,YES,YES,SERVICE,PRIVATE,YES,NO,PLATFORM,LOCAL,NON-LINEAR,NO,NO,NO,NO
COMPANY165,SUCCESS,INVENTORY MANAGEMENT,3,0,4,0,NO,SMALL,NO,NO,SERVICE,PRIVATE,NO,YES,PLATFORM,LOCAL,LINEAR,YES,NO,NO,YES
COMPANY166,SUCCESS,ENERGY SAVING,2,0,6,3,NO,LARGE,NO,NO,SERVICE,PRIVATE,YES,YES,PLATFORM,LOCAL,NON-LINEAR,NO,NO,NO,NO
COMPANY167,SUCCESS,"OPTIMIZATION, CRM, PRICING",2,4,7,1,YES,MEDIUM,NO,NO,SERVICE,PRIVATE,NO,NO,PLATFORM,GLOBAL,NON-LINEAR,NO,NO,NO,YES
COMPANY168,SUCCESS,SOCIAL MEDIA OPTIMIZATION,1,4,5,0,NO,SMALL,YES,YES,SERVICE,PRIVATE,NO,NO,PLATFORM,GLOBAL,NON-LINEAR,NO,NO,NO,NO
COMPANY169,SUCCESS,MANY,1,5,7,3,NO,SMALL,NO,NO,SERVICE,PRIVATE,NO,NO,PLATFORM,GLOBAL,LINEAR,YES,NO,NO,YES
COMPANY170,FAILED,GAMES,2,1,3,0,NO,SMALL,NO,NO,SERVICE,PRIVATE,NO,YES,PLATFORM,GLOBAL,NON-LINEAR,NO,YES,NO,NO
COMPANY171,SUCCESS,"MARKETING, CUSTOMER TARGETING",2,0,2,0,NO,SMALL,NO,NO,SERVICE,PRIVATE,NO,NO,PLATFORM,GLOBAL,NON-LINEAR,NO,NO,NO,YES
COMPANY172,FAILED,ENTERTAINMENT,3,1,4,0,NO,SMALL,NO,NO,PRODUCT,PRIVATE,NO,YES,PLATFORM,LOCAL,NON-LINEAR,NO,NO,YES,NO
COMPANY173,SUCCESS,DATABASE MANAGEMENT,3,4,6,1,NO,MEDIUM,YES,YES,PRODUCT,PRIVATE,NO,YES,PLATFORM,GLOBAL,LINEAR,YES,NO,NO,NO
COMPANY174,SUCCESS,DATABASE MANAGEMENT,1,6,7,0,NO,MEDIUM,YES,YES,SERVICE,PRIVATE,NO,NO,PLATFORM,GLOBAL,LINEAR,YES,NO,NO,NO
COMPANY175,SUCCESS,SEARCH ENGINENOPTIMIZATION,2,0,3,0,YES,LARGE,YES,YES,PRODUCT,PRIVATE,NO,NO,PLATFORM,GLOBAL,NON-LINEAR,NO,NO,NO,YES
COMPANY176,SUCCESS,INFORMATION MANAGEMENT,1,1,2,0,NO,SMALL,YES,YES,SERVICE,PRIVATE,YES,YES,PLATFORM,LOCAL,LINEAR,NO,NO,NO,NO
COMPANY177,SUCCESS,STRATEGY,2,2,1,2,YES,LARGE,NO,NO,SERVICE,PRIVATE,YES,YES,PLATFORM,GLOBAL,NON-LINEAR,NO,NO,NO,NO
COMPANY178,SUCCESS,TECHNOLOGY,3,3,8,2,YES,LARGE,NO,NO,SERVICE,PRIVATE,YES,YES,PLATFORM,GLOBAL,NON-LINEAR,NO,NO,NO,YES
COMPANY179,SUCCESS,TECHNOLOGY,2,2,3,2,NO,SMALL,NO,NO,SERVICE,PRIVATE,YES,YES,PLATFORM,GLOBAL,NON-LINEAR,NO,NO,NO,NO
COMPANY180,SUCCESS,OPERATIONS,2,5,2,10,YES,MEDIUM,YES,YES,SERVICE,PRIVATE,YES,YES,PLATFORM,GLOBAL,NON-LINEAR,NO,NO,NO,NO
COMPANY181,SUCCESS,STRATEGY,2,6,4,0,NO,MEDIUM,NO,NO,SERVICE,PRIVATE,YES,YES,CLOUD,GLOBAL,NON-LINEAR,NO,NO,NO,NO
COMPANY182,SUCCESS,SOCIAL MEDIA ANALYTICS,3,0,3,0,YES,MEDIUM,YES,NO,PRODUCT,PRIVATE,YES,YES,PLATFORM,GLOBAL,NON-LINEAR,NO,NO,NO,NO
COMPANY183,SUCCESS,MARKETING,2,0,2,0,NO,SMALL,YES,NO,SERVICE,PRIVATE,YES,YES,PLATFORM,GLOBAL,NON-LINEAR,NO,NO,NO,NO
COMPANY184,SUCCESS,OPERATIONS,3,0,3,0,NO,MEDIUM,NO,NO,SERVICE,PRIVATE,YES,YES,PLATFORM,GLOBAL,NON-LINEAR,NO,NO,YES,YES
COMPANY185,SUCCESS,OPERATIONS,2,4,3,5,NO,SMALL,YES,YES,PRODUCT,PRIVATE,YES,YES,CLOUD,GLOBAL,NON-LINEAR,NO,NO,NO,NO
COMPANY186,SUCCESS,MARKETING,3,9,9,0,NO,SMALL,YES,YES,PRODUCT,PRIVATE,YES,YES,PLATFORM,LOCAL,NON-LINEAR,NO,NO,NO,NO
COMPANY187,SUCCESS,OPERATIONS,0,1,4,0,NO,SMALL,NO,NO,SERVICE,PUBLIC,NO,NO,CLOUD,LOCAL,LINEAR,NO,NO,NO,NO
COMPANY188,SUCCESS,OPERATIONS,2,0,2,1,NO,SMALL,NO,NO,SERVICE,PRIVATE,YES,YES,PLATFORM,LOCAL,NON-LINEAR,YES,NO,NO,YES
COMPANY189,SUCCESS,OPERATIONS,2,1,4,0,NO,MEDIUM,YES,NO,PRODUCT,PUBLIC,YES,YES,CLOUD,LOCAL,LINEAR,NO,NO,NO,NO
COMPANY190,SUCCESS,TECHNOLOGY,2,2,5,2,YES,MEDIUM,YES,YES,PRODUCT,PRIVATE,YES,YES,CLOUD,GLOBAL,NON-LINEAR,NO,NO,NO,NO
COMPANY191,SUCCESS,"MARKETING, STRATEGY",1,4,6,1,YES,LARGE,YES,YES,PRODUCT,PRIVATE,YES,YES,PLATFORM,GLOBAL,NON-LINEAR,NO,NO,NO,NO
COMPANY192,SUCCESS,MARKETING,2,0,2,1,NO,MEDIUM,NO,NO,PRODUCT,PRIVATE,YES,YES,PLATFORM,GLOBAL,NON-LINEAR,NO,NO,NO,NO
COMPANY193,SUCCESS,TECHNOLOGY,2,8,2,1,NO,MEDIUM,YES,YES,SERVICE,PRIVATE,YES,YES,CLOUD,GLOBAL,NON-LINEAR,YES,NO,NO,NO
COMPANY194,SUCCESS,STRATEGY,2,6,4,3,NO,MEDIUM,YES,YES,PRODUCT,PRIVATE,YES,YES,PLATFORM,GLOBAL,NON-LINEAR,NO,NO,NO,NO
COMPANY195,SUCCESS,CUSTOMER ENGAGEMENT,2,6,6,0,NO,MEDIUM,YES,NO,SERVICE,PRIVATE,YES,YES,PLATFORM,GLOBAL,NON-LINEAR,NO,NO,NO,NO
COMPANY196,SUCCESS,OPERATIONS,1,11,6,2,NO,LARGE,NO,NO,PRODUCT,PRIVATE,YES,YES,PLATFORM,GLOBAL,NON-LINEAR,NO,NO,NO,NO
COMPANY197,SUCCESS,TECHNOLOGY,2,2,3,3,NO,MEDIUM,YES,NO,PRODUCT,PRIVATE,NO,YES,CLOUD,GLOBAL,NON-LINEAR,NO,NO,NO,NO
COMPANY198,SUCCESS,MARKETING,2,2,2,3,YES,MEDIUM,NO,NO,SERVICE,PRIVATE,YES,YES,PLATFORM,GLOBAL,NON-LINEAR,NO,NO,NO,YES
COMPANY199,SUCCESS,TECHNOLOGY,2,1,2,1,YES,MEDIUM,NO,NO,SERVICE,PRIVATE,YES,YES,CLOUD,GLOBAL,NON-LINEAR,NO,NO,NO,NO
COMPANY200,SUCCESS,TECHNOLOGY,2,0,6,3,YES,MEDIUM,NO,NO,PRODUCT,PRIVATE,NO,YES,CLOUD,GLOBAL,NON-LINEAR,NO,NO,NO,NO
COMPANY201,SUCCESS,OPERATIONS,2,1,10,6,YES,MEDIUM,YES,YES,PRODUCT,PRIVATE,YES,YES,PLATFORM,GLOBAL,NON-LINEAR,NO,NO,NO,YES
COMPANY202,SUCCESS,OPERATIONS,2,0,2,0,NO,SMALL,NO,NO,PRODUCT,PRIVATE,YES,YES,CLOUD,GLOBAL,NON-LINEAR,YES,NO,NO,YES
COMPANY203,SUCCESS,SALES,2,6,6,0,NO,MEDIUM,NO,NO,PRODUCT,PRIVATE,YES,YES,CLOUD,LOCAL,NON-LINEAR,NO,NO,NO,YES
COMPANY204,SUCCESS,MARKETING,0,0,5,0,NO,MEDIUM,YES,YES,PRODUCT,PRIVATE,YES,YES,CLOUD,LOCAL,LINEAR,NO,NO,NO,NO
COMPANY205,SUCCESS,TECHNOLOGY,2,3,5,0,YES,MEDIUM,NO,NO,SERVICE,PRIVATE,YES,YES,CLOUD,GLOBAL,LINEAR,NO,NO,NO,NO
COMPANY206,SUCCESS,TECHNOLOGY,2,3,4,2,YES,MEDIUM,YES,YES,PRODUCT,PRIVATE,YES,YES,PLATFORM,GLOBAL,NON-LINEAR,NO,NO,NO,NO
COMPANY207,SUCCESS,OPERATIONS,2,4,3,1,YES,LARGE,NO,NO,SERVICE,PRIVATE,YES,YES,PLATFORM,GLOBAL,NON-LINEAR,NO,NO,NO,NO
COMPANY208,SUCCESS,SOCIAL MEDIA ANALYTICS,1,1,7,0,YES,SMALL,YES,YES,PRODUCT,PRIVATE,YES,YES,PLATFORM,GLOBAL,NON-LINEAR,NO,NO,NO,NO
COMPANY209,SUCCESS,OPERATIONS,2,2,4,4,YES,MEDIUM,NO,NO,SERVICE,PRIVATE,YES,YES,PLATFORM,LOCAL,LINEAR,NO,NO,NO,YES
COMPANY210,SUCCESS,OPERATIONS,1,0,5,0,YES,MEDIUM,YES,YES,PRODUCT,PRIVATE,YES,YES,PLATFORM,GLOBAL,NON-LINEAR,NO,NO,NO,NO
COMPANY211,SUCCESS,OPERATIONS,1,0,6,2,YES,SMALL,YES,YES,PRODUCT,PRIVATE,YES,YES,PLATFORM,LOCAL,NON-LINEAR,NO,NO,NO,NO
COMPANY212,SUCCESS,STRATEGY,0,0,8,0,YES,LARGE,NO,NO,SERVICE,PRIVATE,YES,YES,PLATFORM,GLOBAL,NON-LINEAR,YES,NO,NO,NO
COMPANY213,SUCCESS,TECHNOLOGY,1,0,4,0,NO,SMALL,YES,YES,SERVICE,PRIVATE,YES,YES,PLATFORM,GLOBAL,NON-LINEAR,NO,NO,NO,NO
COMPANY214,SUCCESS,MARKETING,4,2,7,2,YES,MEDIUM,YES,YES,SERVICE,PRIVATE,YES,YES,PLATFORM,GLOBAL,NON-LINEAR,NO,NO,NO,NO
COMPANY215,SUCCESS,MARKETING,1,0,1,0,NO,MEDIUM,YES,YES,PRODUCT,PRIVATE,YES,YES,PLATFORM,LOCAL,NON-LINEAR,NO,NO,NO,NO
COMPANY216,SUCCESS,"MARKETING, STRATEGY",2,1,2,0,YES,SMALL,YES,YES,SERVICE,PRIVATE,YES,YES,PLATFORM,GLOBAL,NON-LINEAR,NO,NO,NO,NO
COMPANY217,SUCCESS,OPERATIONS,2,1,2,0,NO,LARGE,NO,NO,SERVICE,PRIVATE,NO,YES,PLATFORM,GLOBAL,NON-LINEAR,NO,NO,NO,NO
COMPANY218,SUCCESS,OPERATIONS,1,10,7,0,YES,MEDIUM,YES,YES,PRODUCT,PRIVATE,YES,YES,CLOUD,GLOBAL,LINEAR,NO,NO,NO,NO
COMPANY219,SUCCESS,MARKETING,0,0,5,3,NO,MEDIUM,YES,YES,PRODUCT,PRIVATE,YES,YES,CLOUD,GLOBAL,LINEAR,NO,NO,NO,NO
COMPANY220,SUCCESS,OPERATIONS,3,0,9,0,YES,LARGE,NO,NO,SERVICE,PRIVATE,YES,YES,PLATFORM,GLOBAL,NON-LINEAR,NO,NO,NO,NO
COMPANY221,SUCCESS,OPERATIONS,2,0,5,0,NO,MEDIUM,YES,YES,SERVICE,PRIVATE,YES,YES,PLATFORM,GLOBAL,NON-LINEAR,NO,NO,NO,NO
COMPANY222,SUCCESS,"MARKETING, PROCUREMENT, HUMAN RESOURCES",3,0,8,0,YES,MEDIUM,NO,NO,SERVICE,PRIVATE,YES,YES,PLATFORM,GLOBAL,LINEAR,NO,NO,NO,NO
COMPANY223,SUCCESS,OPERATIONS,0,0,3,0,YES,SMALL,NO,NO,PRODUCT,PRIVATE,NO,YES,CLOUD,LOCAL,NON-LINEAR,NO,NO,NO,YES
COMPANY224,FAILED,OPERATIONS,2,0,3,0,NO,SMALL,YES,YES,PRODUCT,PRIVATE,YES,YES,CLOUD,GLOBAL,NON-LINEAR,NO,NO,NO,YES
COMPANY225,FAILED,OPERATIONS,0,1,2,0,NO,SMALL,YES,YES,PRODUCT,PRIVATE,YES,YES,PLATFORM,LOCAL,NON-LINEAR,NO,NO,NO,YES
COMPANY226,SUCCESS,SALES,2,3,4,1,YES,SMALL,NO,NO,PRODUCT,PRIVATE,YES,YES,CLOUD,LOCAL,NON-LINEAR,NO,NO,NO,NO
COMPANY227,FAILED,OPERATIONS,2,1,2,3,NO,SMALL,YES,YES,PRODUCT,PRIVATE,YES,YES,PLATFORM,LOCAL,NON-LINEAR,NO,NO,NO,YES
COMPANY228,FAILED,OPERATIONS,1,3,2,1,NO,MEDIUM,YES,YES,SERVICE,PRIVATE,YES,YES,CLOUD,LOCAL,NON-LINEAR,NO,NO,NO,NO
COMPANY229,SUCCESS,"CRM, MARKETING, HUMAN RESOURCES",2,1,2,0,YES,SMALL,NO,NO,SERVICE,PRIVATE,NO,YES,BOTH,GLOBAL,LINEAR,YES,NO,NO,YES
COMPANY230,SUCCESS,MARKETING,2,0,3,0,NO,MEDIUM,YES,YES,SERVICE,BOTH,NO,YES,PLATFORM,GLOBAL,NON-LINEAR,NO,NO,NO,YES
COMPANY231,SUCCESS,MARKETING,2,0,2,0,NO,LARGE,YES,YES,SERVICE,PRIVATE,NO,YES,PLATFORM,GLOBAL,NON-LINEAR,NO,NO,NO,YES
COMPANY232,SUCCESS,DATABASE MANAGEMENT,3,2,3,1,NO,SMALL,YES,NO,BOTH,PRIVATE,YES,YES,CLOUD,GLOBAL,LINEAR,YES,NO,NO,NO
COMPANY234,SUCCESS,CRM,3,3,6,2,NO,SMALL,NO,NO,PRODUCT,PRIVATE,YES,YES,CLOUD,GLOBAL,NON-LINEAR,NO,NO,NO,NO
COMPANY235,SUCCESS,MARKETING,5,5,10,2,NO,LARGE,NO,NO,SERVICE,PRIVATE,NO,YES,CLOUD,GLOBAL,NON-LINEAR,NO,NO,NO,YES
COMPANY236,SUCCESS,"MERCHANDISING, MARKETING",3,0,3,0,NO,SMALL,YES,YES,SERVICE,PRIVATE,NO,NO,PLATFORM,LOCAL,NON-LINEAR,NO,NO,NO,NO
COMPANY237,FAILED,TRAVEL PLANNING,1,2,3,0,YES,MEDIUM,YES,YES,SERVICE,PUBLIC,NO,YES,PLATFORM,GLOBAL,LINEAR,YES,YES,NO,NO
COMPANY238,SUCCESS,MARKETING,4,0,6,0,YES,MEDIUM,YES,YES,SERVICE,PUBLIC,YES,YES,PLATFORM,GLOBAL,NON-LINEAR,NO,NO,NO,NO
COMPANY239,SUCCESS,MARKETING,2,0,2,0,NO,LARGE,NO,NO,BOTH,PUBLIC,YES,YES,PLATFORM,GLOBAL,NON-LINEAR,NO,NO,NO,YES
COMPANY240,SUCCESS,"DATA VISUALIZATION, CONTENT MARKETING, PRESENTATIONS",4,8,8,4,NO,MEDIUM,YES,YES,SERVICE,PRIVATE,NO,YES,CLOUD,GLOBAL,LINEAR,YES,YES,NO,NO
COMPANY241,FAILED,NEWS,2,0,2,0,NO,SMALL,NO,NO,SERVICE,PUBLIC,NO,YES,PLATFORM,LOCAL,NON-LINEAR,NO,NO,NO,NO
COMPANY242,SUCCESS,ANALTICS,2,0,2,0,NO,LARGE,NO,NO,PRODUCT,BOTH,YES,NO,PLATFORM,LOCAL,NON-LINEAR,NO,NO,NO,NO
COMPANY243,SUCCESS,ANALYTICS,2,0,3,2,NO,MEDIUM,YES,YES,PRODUCT,BOTH,NO,YES,PLATFORM,GLOBAL,LINEAR,YES,NO,NO,NO
COMPANY244,SUCCESS,SECURITY,1,1,10,1,NO,LARGE,YES,YES,SERVICE,BOTH,NO,NO,PLATFORM,GLOBAL,LINEAR,YES,NO,NO,NO
COMPANY245,SUCCESS,SOCIAL MEDIA,2,0,2,0,NO,SMALL,NO,NO,SERVICE,NO,NO,NO,NONE,GLOBAL,NON-LINEAR,NO,NO,NO,NO
COMPANY246,SUCCESS,ELEARNING,2,0,1,0,NO,MEDIUM,NO,NO,PRODUCT,NO,NO,NO,PLATFORM,LOCAL,LINEAR,NO,NO,NO,NO
COMPANY247,SUCCESS,SERVICE,2,0,3,0,NO,MEDIUM,YES,YES,SERVICE,NO,NO,YES,PLATFORM,LOCAL,LINEAR,YES,NO,NO,NO
COMPANY248,SUCCESS,ANALYTICS,5,0,8,0,NO,MEDIUM,YES,YES,SERVICE,BOTH,YES,YES,PLATFORM,GLOBAL,NON-LINEAR,YES,NO,NO,NO
COMPANY249,SUCCESS,PHONE INTELLIGENCE,2,0,5,0,NO,MEDIUM,YES,YES,PRODUCT,PUBLIC,NO,NO,BOTH,GLOBAL,LINEAR,YES,NO,NO,YES
COMPANY250,SUCCESS,SOCIAL BRANDING,0,1,1,0,NO,MEDIUM,NO,NO,SERVICE,BOTH,YES,NO,BOTH,GLOBAL,NON-LINEAR,YES,NO,NO,YES
COMPANY251,SUCCESS,SOCIAL MEDIA,2,0,2,0,NO,SMALL,YES,YES,SERVICE,PUBLIC,YES,YES,BOTH,GLOBAL,NON-LINEAR,NO,NO,NO,YES
COMPANY252,SUCCESS,REPORTING,4,0,1,2,NO,SMALL,YES,YES,PRODUCT,PUBLIC,NO,YES,BOTH,GLOBAL,LINEAR,YES,NO,NO,NO
COMPANY253,SUCCESS,MARKETING,3,0,3,0,NO,SMALL,YES,YES,PRODUCT,PUBLIC,NO,YES,BOTH,GLOBAL,NON-LINEAR,NO,NO,NO,YES
COMPANY254,SUCCESS,DASHBOARDS,2,0,5,0,NO,MEDIUM,YES,YES,PRODUCT,BOTH,NO,YES,BOTH,GLOBAL,LINEAR,NO,NO,NO,YES
COMPANY255,SUCCESS,TECHNOLOGY,3,3,3,0,NO,MEDIUM,YES,YES,PRODUCT,BOTH,NO,NO,BOTH,GLOBAL,NON-LINEAR,NO,NO,NO,YES
COMPANY256,SUCCESS,LOCALIZED BEHAVIOUR,2,1,1,0,NO,SMALL,YES,NO,PRODUCT,PUBLIC,NO,NO,BOTH,GLOBAL,LINEAR,NO,NO,YES,YES
COMPANY257,SUCCESS,VIDEO STREAMING,3,0,1,0,NO,SMALL,NO,NO,SERVICE,PUBLIC,NO,YES,BOTH,GLOBAL,LINEAR,NO,NO,NO,YES
COMPANY258,SUCCESS,OPERATIONS,3,0,1,0,NO,MEDIUM,NO,NO,SERVICE,PUBLIC,NO,YES,BOTH,GLOBAL,LINEAR,NO,NO,NO,YES
COMPANY259,SUCCESS,PAYMENT,0,0,4,0,NO,LARGE,NO,NO,SERVICE,PRIVATE,YES,YES,BOTH,LOCAL,LINEAR,NO,NO,NO,NO
COMPANY260,SUCCESS,MARKETING,1,0,2,0,NO,SMALL,YES,YES,SERVICE,PUBLIC,NO,YES,BOTH,LOCAL,NON-LINEAR,NO,NO,NO,YES
COMPANY261,SUCCESS,SOFTWARE,2,0,6,0,NO,SMALL,YES,YES,SERVICE,NO,NO,NO,PLATFORM,LOCAL,NON-LINEAR,NO,NO,NO,YES
COMPANY262,SUCCESS,WEB,1,1,9,1,NO,SMALL,YES,YES,SERVICE,PUBLIC,NO,YES,BOTH,GLOBAL,NON-LINEAR,YES,NO,NO,NO
COMPANY263,FAILED,CURATED WEB,1,2,1,0,NO,SMALL,YES,YES,PRODUCT,NO,NO,NO,PLATFORM,GLOBAL,NON-LINEAR,NO,NO,NO,NO
COMPANY264,FAILED,NETWORKING,3,0,5,0,NO,MEDIUM,YES,YES,PRODUCT,NO,NO,NO,PLATFORM,LOCAL,NON-LINEAR,YES,NO,NO,NO
COMPANY265,SUCCESS,WIRELESS,2,1,3,0,NO,SMALL,YES,YES,PRODUCT,NO,NO,YES,PLATFORM,LOCAL,LINEAR,YES,NO,NO,NO
COMPANY266,SUCCESS,CURATED WEB,1,0,5,0,NO,SMALL,YES,NO,PRODUCT,NO,NO,NO,PLATFORM,LOCAL,NON-LINEAR,NO,NO,NO,NO
COMPANY267,FAILED,CURATED WEB,0,0,2,0,NO,SMALL,YES,YES,PRODUCT,NO,NO,NO,PLATFORM,LOCAL,NON-LINEAR,NO,NO,NO,NO
COMPANY268,FAILED,ADVERTISING,1,0,3,0,NO,SMALL,NO,NO,SERVICE,NO,NO,YES,PLATFORM,LOCAL,NON-LINEAR,YES,NO,NO,NO
COMPANY270,FAILED,WEB,2,0,2,0,NO,SMALL,YES,YES,PRODUCT,NO,NO,YES,PLATFORM,LOCAL,LINEAR,YES,NO,NO,NO
COMPANY271,FAILED,NETWORKING,3,0,3,0,NO,LARGE,NO,NO,SERVICE,BOTH,NO,YES,PLATFORM,LOCAL,NON-LINEAR,NO,NO,NO,NO
COMPANY272,FAILED,SOFTWARE,3,0,3,0,NO,SMALL,YES,YES,SERVICE,NO,NO,NO,PLATFORM,GLOBAL,NON-LINEAR,NO,NO,NO,NO
COMPANY273,FAILED,WEB,1,0,1,0,NO,SMALL,YES,YES,PRODUCT,NO,NO,NO,PLATFORM,LOCAL,NON-LINEAR,NO,NO,NO,NO
COMPANY274,FAILED,ADVERTISING,4,0,4,0,NO,SMALL,YES,YES,SERVICE,NO,NO,NO,PLATFORM,GLOBAL,NON-LINEAR,NO,NO,NO,NO
COMPANY275,FAILED,MARKETING,2,0,2,0,YES,LARGE,YES,YES,SERVICE,NO,NO,YES,PLATFORM,LOCAL,NON-LINEAR,NO,NO,NO,NO
COMPANY276,FAILED,GAME,2,0,2,0,NO,SMALL,YES,YES,PRODUCT,NO,NO,YES,PLATFORM,LOCAL,LINEAR,YES,NO,NO,NO
COMPANY277,FAILED,SOFTWARE,1,0,1,0,NO,SMALL,YES,YES,PRODUCT,NO,NO,NO,PLATFORM,LOCAL,LINEAR,YES,NO,NO,NO
COMPANY278,FAILED,SOFTWARE,1,1,1,0,NO,LARGE,NO,NO,PRODUCT,NO,NO,NO,PLATFORM,LOCAL,NON-LINEAR,NO,NO,NO,NO
COMPANY279,FAILED,SEARCH,2,0,2,0,NO,SMALL,YES,YES,SERVICE,NO,NO,NO,PLATFORM,LOCAL,NON-LINEAR,NO,NO,NO,NO
COMPANY280,FAILED,OPERATION,2,0,2,0,NO,SMALL,YES,YES,SERVICE,NO,NO,NO,PLATFORM,GLOBAL,LINEAR,YES,NO,NO,NO
COMPANY281,FAILED,OPERATION,3,0,4,0,NO,SMALL,YES,YES,SERVICE,NO,NO,YES,PLATFORM,LOCAL,NON-LINEAR,NO,NO,NO,NO
COMPANY283,FAILED,SALE,3,0,3,0,NO,LARGE,NO,NO,SERVICE,NO,NO,NO,PLATFORM,LOCAL,NON-LINEAR,YES,NO,NO,NO
COMPANY284,FAILED,OPERATION,1,0,3,1,NO,SMALL,YES,YES,PRODUCT,NO,NO,NO,PLATFORM,LOCAL,LINEAR,NO,NO,NO,NO
COMPANY285,FAILED,ENTERTAINMENT,1,0,3,1,NO,MEDIUM,YES,YES,SERVICE,NO,NO,NO,PLATFORM,GLOBAL,NON-LINEAR,NO,NO,NO,NO
COMPANY286,FAILED,ADVERTISING,1,0,1,0,NO,SMALL,YES,YES,PRODUCT,NO,NO,NO,PLATFORM,LOCAL,NON-LINEAR,NO,NO,NO,NO
COMPANY287,FAILED,GAME,2,0,2,0,NO,SMALL,YES,NO,PRODUCT,NO,NO,YES,PLATFORM,LOCAL,NON-LINEAR,NO,NO,NO,NO
COMPANY288,FAILED,SOFTWARE,5,0,5,0,NO,SMALL,YES,NO,PRODUCT,NO,NO,NO,PLATFORM,GLOBAL,LINEAR,NO,NO,NO,NO
COMPANY289,FAILED,SALE,1,0,2,0,NO,SMALL,YES,YES,SERVICE,NO,NO,NO,PLATFORM,GLOBAL,NON-LINEAR,NO,NO,NO,NO
COMPANY290,FAILED,OPERATION,4,0,4,0,NO,SMALL,YES,YES,SERVICE,NO,NO,NO,PLATFORM,LOCAL,NON-LINEAR,NO,NO,NO,NO
COMPANY291,FAILED,OPERATION,3,1,3,0,NO,MEDIUM,YES,YES,SERVICE,NO,NO,NO,PLATFORM,LOCAL,LINEAR,NO,NO,NO,NO
COMPANY292,FAILED,OPERATION,3,2,2,0,NO,MEDIUM,YES,YES,SERVICE,NO,NO,NO,PLATFORM,LOCAL,NON-LINEAR,NO,NO,NO,NO
COMPANY293,FAILED,OPERATION,2,0,2,0,NO,LARGE,NO,NO,SERVICE,NO,NO,NO,PLATFORM,LOCAL,NON-LINEAR,NO,NO,NO,NO
COMPANY294,FAILED,ADVERTISING,1,0,1,0,NO,LARGE,YES,NO,SERVICE,NO,NO,NO,PLATFORM,LOCAL,NON-LINEAR,NO,NO,NO,NO
COMPANY295,FAILED,ADVERTISING,2,2,2,0,NO,MEDIUM,YES,NO,SERVICE,NO,NO,NO,PLATFORM,LOCAL,NON-LINEAR,NO,NO,NO,NO
COMPANY296,FAILED,CONSSUMER WEB,2,0,2,0,NO,MEDIUM,YES,YES,SERVICE,NO,NO,NO,PLATFORM,LOCAL,NON-LINEAR,NO,NO,NO,NO
COMPANY297,FAILED,ONLINE MUSIC,1,1,2,0,NO,MEDIUM,YES,YES,PRODUCT,NO,NO,NO,PLATFORM,LOCAL,NON-LINEAR,NO,NO,NO,NO
COMPANY298,FAILED,MEDIA,2,0,3,0,NO,LARGE,YES,YES,SERVICE,NO,NO,NO,PLATFORM,LOCAL,NON-LINEAR,NO,NO,NO,NO
COMPANY299,SUCCESS,SALES,2,0,2,0,NO,LARGE,YES,YES,PRODUCT,NO,NO,NO,PLATFORM,LOCAL,NON-LINEAR,YES,NO,NO,NO
COMPANY300,SUCCESS,CLOUD COMPUTING,2,0,2,0,NO,SMALL,YES,YES,SERVICE,PUBLIC,NO,YES,BOTH,GLOBAL,NON-LINEAR,NO,NO,NO,NO
COMPANY301,SUCCESS,SALE,3,0,3,1,NO,MEDIUM,YES,YES,SERVICE,PUBLIC,NO,YES,BOTH,LOCAL,NON-LINEAR,NO,NO,NO,NO
COMPANY302,SUCCESS,OPERATION,7,0,3,1,NO,SMALL,YES,YES,SERVICE,PUBLIC,NO,YES,BOTH,GLOBAL,LINEAR,YES,NO,YES,YES
COMPANY303,SUCCESS,SOCIAL COMMERCE,2,0,2,0,NO,MEDIUM,YES,YES,SERVICE,NO,NO,NO,NONE,GLOBAL,LINEAR,NO,NO,YES,YES
COMPANY304,SUCCESS,MARKETING,3,1,5,0,NO,MEDIUM,YES,YES,SERVICE,PUBLIC,NO,YES,BOTH,GLOBAL,LINEAR,NO,NO,YES,NO
COMPANY305,SUCCESS,ANALYTICS,2,0,3,0,NO,MEDIUM,YES,YES,SERVICE,PUBLIC,NO,YES,BOTH,GLOBAL,LINEAR,YES,NO,YES,NO
COMPANY306,SUCCESS,OPERATION,4,3,8,4,NO,SMALL,YES,YES,SERVICE,PUBLIC,NO,YES,PLATFORM,LOCAL,LINEAR,NO,NO,YES,YES
COMPANY307,SUCCESS,FINANCE,4,0,7,0,YES,MEDIUM,YES,YES,SERVICE,PUBLIC,NO,YES,BOTH,GLOBAL,LINEAR,NO,NO,YES,YES
COMPANY308,SUCCESS,SOCIAL MEDIA MARKETING,2,0,4,1,NO,MEDIUM,YES,YES,PRODUCT,PUBLIC,NO,YES,BOTH,GLOBAL,NON-LINEAR,YES,NO,YES,YES
COMPANY309,SUCCESS,MARKETING,3,0,8,0,NO,MEDIUM,YES,YES,SERVICE,PUBLIC,YES,YES,BOTH,GLOBAL,NON-LINEAR,NO,NO,NO,NO
COMPANY310,SUCCESS,OPERATION,2,1,6,3,NO,MEDIUM,YES,YES,PRODUCT,BOTH,YES,YES,NONE,GLOBAL,NON-LINEAR,NO,NO,YES,YES
COMPANY311,SUCCESS,SOCIAL NETWORK,3,1,5,1,NO,MEDIUM,YES,YES,PRODUCT,BOTH,YES,YES,NONE,GLOBAL,NON-LINEAR,YES,NO,YES,YES
COMPANY312,SUCCESS,N,1,0,1,0,YES,MEDIUM,YES,YES,PRODUCT,PUBLIC,NO,YES,NONE,GLOBAL,NON-LINEAR,YES,NO,YES,NO
COMPANY313,SUCCESS,PUBLISHING,1,6,2,0,NO,MEDIUM,YES,YES,PRODUCT,PUBLIC,NO,YES,BOTH,GLOBAL,LINEAR,NO,NO,NO,NO
COMPANY314,SUCCESS,GLOBAL,2,0,4,1,NO,MEDIUM,YES,YES,SERVICE,BOTH,NO,YES,NONE,LOCAL,NON-LINEAR,NO,NO,YES,YES
COMPANY315,SUCCESS,\,2,0,6,0,NO,SMALL,YES,YES,SERVICE,PUBLIC,NO,YES,BOTH,GLOBAL,NON-LINEAR,YES,NO,YES,YES
COMPANY316,SUCCESS,GLOBAL,2,1,6,2,YES,SMALL,YES,YES,SERVICE,PUBLIC,NO,NO,BOTH,LOCAL,NON-LINEAR,YES,NO,NO,YES
COMPANY317,SUCCESS,MUSIC INTELLIGECE,2,3,7,0,NO,SMALL,NO,NO,SERVICE,PUBLIC,NO,YES,PLATFORM,GLOBAL,NON-LINEAR,YES,YES,NO,NO
COMPANY318,SUCCESS,LOCATION BASED SERVICE,1,0,1,0,NO,SMALL,YES,YES,SERVICE,PUBLIC,NO,YES,BOTH,GLOBAL,LINEAR,YES,YES,NO,YES
COMPANY319,SUCCESS,SOCIAL TV ANALYTICS,1,0,2,0,NO,MEDIUM,YES,YES,SERVICE,PUBLIC,NO,YES,BOTH,GLOBAL,LINEAR,NO,NO,NO,YES
COMPANY320,SUCCESS,DATA DRIVEN APPLICATIONS,3,1,6,1,NO,MEDIUM,YES,YES,SERVICE,BOTH,NO,NO,PLATFORM,GLOBAL,LINEAR,NO,YES,NO,NO
COMPANY321,SUCCESS,IPHONE APPS,3,1,5,1,YES,MEDIUM,YES,YES,SERVICE,PUBLIC,NO,NO,BOTH,GLOBAL,LINEAR,NO,NO,NO,NO
COMPANY322,SUCCESS,ANALYTICS,2,2,5,1,YES,SMALL,YES,YES,PRODUCT,PUBLIC,NO,NO,NONE,GLOBAL,NON-LINEAR,NO,NO,NO,NO
COMPANY323,FAILED,FINANCE,2,1,2,0,NO,MEDIUM,YES,YES,SERVICE,PUBLIC,NO,NO,BOTH,LOCAL,LINEAR,YES,NO,NO,NO
COMPANY324,SUCCESS,ANALYTICS,2,0,4,0,NO,SMALL,YES,YES,PRODUCT,NO,NO,NO,PLATFORM,GLOBAL,NON-LINEAR,NO,NO,NO,NO
COMPANY325,SUCCESS,MARKETING,1,2,11,0,NO,SMALL,YES,YES,PRODUCT,PUBLIC,NO,NO,NONE,GLOBAL,LINEAR,NO,NO,YES,YES
COMPANY326,SUCCESS,TECHNOLOGY,3,1,3,2,NO,SMALL,NO,NO,PRODUCT,BOTH,NO,NO,BOTH,GLOBAL,LINEAR,NO,NO,NO,YES
COMPANY328,FAILED,MARKETING,2,1,8,2,NO,SMALL,YES,YES,SERVICE,PUBLIC,NO,YES,BOTH,LOCAL,NON-LINEAR,NO,NO,NO,NO
COMPANY330,SUCCESS,"SALES,MARKETING",1,0,1,0,NO,SMALL,NO,NO,PRODUCT,PUBLIC,NO,YES,NONE,GLOBAL,NON-LINEAR,NO,NO,NO,NO
COMPANY331,SUCCESS,MARKETING,3,1,3,0,NO,SMALL,YES,YES,SERVICE,PUBLIC,NO,YES,NONE,LOCAL,LINEAR,NO,NO,NO,YES
COMPANY332,SUCCESS,NETWORK OPTIMIZATION,2,0,4,1,NO,MEDIUM,YES,YES,SERVICE,BOTH,NO,YES,NONE,GLOBAL,LINEAR,NO,NO,NO,YES
COMPANY333,FAILED,PRIVACY,1,0,1,1,NO,SMALL,YES,YES,SERVICE,PUBLIC,NO,YES,BOTH,GLOBAL,LINEAR,NO,NO,NO,NO
COMPANY334,SUCCESS,TARGETING OPTIMIZE,1,0,3,1,YES,LARGE,YES,YES,SERVICE,PUBLIC,NO,YES,NONE,GLOBAL,LINEAR,NO,NO,NO,YES
COMPANY335,SUCCESS,MAIL REPORTS,2,0,6,1,NO,MEDIUM,YES,YES,PRODUCT,PUBLIC,NO,YES,NONE,GLOBAL,NON-LINEAR,NO,NO,NO,YES
COMPANY336,SUCCESS,BIG DATA ANALYTICS,3,0,3,1,NO,SMALL,NO,NO,PRODUCT,PUBLIC,NO,YES,NONE,GLOBAL,NON-LINEAR,NO,NO,NO,YES
COMPANY337,SUCCESS,ENTERTAINMENT,1,0,2,1,NO,MEDIUM,YES,YES,SERVICE,NO,NO,NO,PLATFORM,GLOBAL,NON-LINEAR,NO,NO,NO,NO
COMPANY338,FAILED,METRICS,2,0,2,0,NO,SMALL,YES,YES,PRODUCT,PRIVATE,NO,YES,NONE,GLOBAL,LINEAR,YES,NO,NO,YES
COMPANY339,SUCCESS,MARKETING,1,0,2,0,NO,SMALL,YES,YES,PRODUCT,PUBLIC,NO,YES,NONE,LOCAL,LINEAR,YES,NO,NO,YES
COMPANY340,FAILED,MARKETING,1,0,1,1,NO,SMALL,YES,YES,PRODUCT,PUBLIC,NO,YES,BOTH,LOCAL,LINEAR,YES,NO,NO,NO
COMPANY341,SUCCESS,MARKETING,4,0,5,0,NO,SMALL,YES,YES,PRODUCT,PUBLIC,NO,YES,BOTH,GLOBAL,LINEAR,YES,NO,NO,YES
COMPANY342,SUCCESS,PRICING,0,0,1,0,YES,SMALL,NO,NO,PRODUCT,PUBLIC,NO,YES,NONE,GLOBAL,LINEAR,YES,NO,NO,NO
COMPANY343,FAILED,ANALYTICS,2,0,2,0,NO,SMALL,YES,YES,PRODUCT,PUBLIC,NO,YES,BOTH,GLOBAL,LINEAR,NO,NO,NO,YES
COMPANY344,SUCCESS,RESEARCH,3,3,4,0,NO,MEDIUM,YES,YES,PRODUCT,PUBLIC,YES,YES,PLATFORM,GLOBAL,NON-LINEAR,NO,NO,NO,NO
COMPANY345,FAILED,SALES,1,0,1,0,NO,SMALL,NO,NO,PRODUCT,NO,NO,NO,PLATFORM,LOCAL,LINEAR,YES,NO,NO,NO
COMPANY346,SUCCESS,MARKETING,2,0,2,0,NO,SMALL,YES,NO,SERVICE,PRIVATE,YES,YES,PLATFORM,GLOBAL,NON-LINEAR,NO,NO,NO,NO
COMPANY347,SUCCESS,SALES,2,0,2,0,NO,LARGE,YES,NO,PRODUCT,NO,NO,YES,NONE,GLOBAL,NON-LINEAR,YES,NO,NO,NO
COMPANY348,SUCCESS,SERVICE,3,0,3,0,NO,MEDIUM,YES,NO,PRODUCT,NO,NO,NO,PLATFORM,GLOBAL,NON-LINEAR,YES,NO,NO,NO
COMPANY349,SUCCESS,MOBILE APP DEVELOPMENT,1,0,7,0,NO,LARGE,NO,NO,PRODUCT,NO,NO,YES,PLATFORM,GLOBAL,LINEAR,YES,NO,NO,NO
COMPANY350,SUCCESS,SERVICE,3,0,3,0,NO,MEDIUM,YES,NO,PRODUCT,NO,NO,NO,PLATFORM,LOCAL,NON-LINEAR,NO,NO,NO,NO
COMPANY351,SUCCESS,ANALYTIC,2,0,2,0,NO,SMALL,YES,YES,SERVICE,BOTH,YES,YES,PLATFORM,GLOBAL,NON-LINEAR,NO,NO,NO,NO
COMPANY352,SUCCESS,SOFTWARE ,1,0,5,0,NO,LARGE,YES,YES,PRODUCT,NO,NO,NO,PLATFORM,GLOBAL,LINEAR,YES,NO,NO,NO
COMPANY353,SUCCESS,NA,2,0,2,0,NO,LARGE,YES,YES,SERVICE,BOTH,YES,YES,PLATFORM,GLOBAL,NON-LINEAR,NO,NO,NO,NO
COMPANY354,SUCCESS,MRKTING,0,1,2,0,NO,SMALL,NO,NO,PRODUCT,BOTH,YES,YES,BOTH,GLOBAL,NON-LINEAR,NO,NO,NO,YES
COMPANY355,SUCCESS,REVENUE MAXIMIZATION,2,1,4,0,NO,LARGE,NO,NO,PRODUCT,BOTH,NO,YES,BOTH,GLOBAL,LINEAR,NO,NO,NO,YES
COMPANY356,SUCCESS,TECHNOLOGY,2,0,2,0,NO,SMALL,YES,YES,SERVICE,BOTH,NO,YES,BOTH,GLOBAL,NON-LINEAR,YES,NO,NO,YES
COMPANY357,SUCCESS,SOCIAL MEDIA ANALYTICS,1,0,5,1,NO,SMALL,NO,NO,SERVICE,PRIVATE,NO,NO,NONE,GLOBAL,LINEAR,YES,NO,NO,YES
COMPANY358,SUCCESS,SOCIAL MEDIA,4,0,3,0,NO,LARGE,NO,NO,SERVICE,PUBLIC,YES,NO,BOTH,GLOBAL,NON-LINEAR,NO,YES,NO,YES
COMPANY359,SUCCESS,MARKETING,3,0,3,0,NO,SMALL,YES,YES,PRODUCT,PUBLIC,NO,YES,BOTH,GLOBAL,LINEAR,NO,NO,NO,YES
COMPANY361,SUCCESS,ANALYTICS CROWDSOURCING,2,0,2,0,NO,SMALL,YES,YES,PRODUCT,PUBLIC,NO,YES,BOTH,GLOBAL,NON-LINEAR,YES,NO,YES,YES
COMPANY362,SUCCESS,TECHNOLOGY,3,0,3,0,NO,MEDIUM,YES,NO,SERVICE,PUBLIC,NO,NO,BOTH,GLOBAL,LINEAR,NO,NO,YES,YES
COMPANY363,SUCCESS,MARKETING,2,0,3,2,NO,SMALL,YES,YES,SERVICE,PUBLIC,NO,YES,BOTH,LOCAL,LINEAR,YES,NO,NO,YES
COMPANY364,SUCCESS,ANALYTICS,2,0,2,0,YES,SMALL,NO,NO,SERVICE,PUBLIC,NO,YES,BOTH,LOCAL,NON-LINEAR,NO,NO,NO,YES
COMPANY365,SUCCESS,MARKETING,2,0,1,0,NO,MEDIUM,NO,NO,SERVICE,PUBLIC,NO,YES,BOTH,GLOBAL,LINEAR,NO,NO,NO,YES
COMPANY366,SUCCESS,APP,2,0,1,0,NO,SMALL,NO,NO,SERVICE,PUBLIC,NO,YES,BOTH,LOCAL,NON-LINEAR,NO,NO,NO,NO
COMPANY368,FAILED,WEB,2,0,2,0,NO,SMALL,YES,YES,PRODUCT,NO,NO,YES,PLATFORM,LOCAL,LINEAR,YES,NO,NO,NO
COMPANY369,SUCCESS,ANALYTICS,2,0,4,0,NO,SMALL,YES,YES,PRODUCT,NO,NO,NO,PLATFORM,GLOBAL,NON-LINEAR,NO,NO,NO,NO
COMPANY370,FAILED,MARKETING,1,0,1,1,NO,SMALL,YES,YES,PRODUCT,PUBLIC,NO,YES,BOTH,LOCAL,LINEAR,YES,NO,NO,NO
COMPANY371,FAILED,SOFTWARE ,2,0,2,0,NO,SMALL,YES,YES,PRODUCT,BOTH,YES,YES,PLATFORM,GLOBAL,LINEAR,YES,NO,NO,NO
COMPANY372,SUCCESS,ANALYTICS,2,0,3,0,NO,SMALL,YES,NO,PRODUCT,BOTH,YES,NO,PLATFORM,LOCAL,NON-LINEAR,NO,NO,NO,NO
COMPANY373,SUCCESS,ANALYTICS,3,0,3,0,NO,SMALL,YES,YES,PRODUCT,BOTH,NO,NO,PLATFORM,LOCAL,NON-LINEAR,NO,NO,NO,NO
COMPANY374,FAILED,ANALYTICS,3,1,5,6,NO,SMALL,YES,YES,SERVICE,NO,NO,YES,PLATFORM,GLOBAL,LINEAR,YES,NO,NO,NO
COMPANY375,FAILED,ANALYTICS,1,0,1,0,NO,MEDIUM,YES,YES,SERVICE,BOTH,YES,NO,PLATFORM,LOCAL,NON-LINEAR,NO,NO,NO,NO
COMPANY376,SUCCESS,CURATED WEB,0,0,4,0,NO,LARGE,YES,YES,PRODUCT,NO,NO,NO,CLOUD,GLOBAL,NON-LINEAR,NO,NO,NO,NO
COMPANY377,SUCCESS,SOCIAL,1,0,1,0,NO,SMALL,NO,NO,PRODUCT,NO,NO,YES,PLATFORM,LOCAL,NON-LINEAR,YES,NO,NO,NO
COMPANY378,FAILED,OPERATION,2,0,2,0,NO,SMALL,YES,YES,PRODUCT,NO,NO,NO,NONE,LOCAL,NON-LINEAR,NO,NO,NO,NO
COMPANY379,SUCCESS,OPERATION,0,0,1,1,NO,SMALL,YES,YES,PRODUCT,NO,NO,YES,NONE,LOCAL,LINEAR,YES,NO,NO,NO
COMPANY380,SUCCESS,OPERATION,3,0,2,2,NO,MEDIUM,NO,NO,PRODUCT,NO,NO,YES,PLATFORM,LOCAL,LINEAR,YES,NO,NO,NO
COMPANY381,FAILED,OPERATION,3,0,3,0,NO,SMALL,NO,NO,PRODUCT,NO,NO,NO,PLATFORM,GLOBAL,NON-LINEAR,YES,NO,NO,NO
COMPANY382,FAILED,OPERATION,4,0,3,3,NO,SMALL,NO,NO,PRODUCT,NO,NO,NO,PLATFORM,LOCAL,LINEAR,YES,NO,NO,NO
COMPANY383,FAILED,OPERATION,4,0,4,2,NO,MEDIUM,YES,YES,PRODUCT,BOTH,NO,NO,NONE,LOCAL,LINEAR,YES,NO,NO,NO
COMPANY384,FAILED,OPERATION,6,7,6,2,YES,LARGE,YES,NO,PRODUCT,NO,NO,NO,PLATFORM,GLOBAL,LINEAR,NO,NO,NO,NO
COMPANY385,FAILED,ANALYTICS,3,3,10,2,YES,LARGE,YES,YES,PRODUCT,BOTH,YES,NO,PLATFORM,LOCAL,LINEAR,NO,NO,NO,NO
COMPANY386,FAILED,ANALYTICS,1,2,1,0,YES,MEDIUM,YES,YES,SERVICE,NO,YES,NO,PLATFORM,LOCAL,LINEAR,YES,NO,NO,NO
COMPANY387,FAILED,ANALYTICS,4,2,10,0,NO,SMALL,YES,YES,SERVICE,BOTH,NO,NO,PLATFORM,LOCAL,LINEAR,NO,NO,NO,NO
COMPANY388,FAILED,ANALYTICS,2,0,4,0,NO,MEDIUM,NO,NO,SERVICE,BOTH,NO,NO,PLATFORM,GLOBAL,NON-LINEAR,NO,YES,NO,NO
COMPANY389,FAILED,MANAGEMENT,2,2,4,0,YES,LARGE,NO,NO,PRODUCT,BOTH,NO,NO,PLATFORM,LOCAL,NON-LINEAR,NO,NO,NO,NO
COMPANY390,FAILED,ANALYTICS,1,1,2,0,YES,SMALL,YES,YES,PRODUCT,NO,NO,NO,PLATFORM,LOCAL,LINEAR,NO,NO,NO,NO
COMPANY391,FAILED,ANALYTICS,2,2,4,1,NO,SMALL,YES,YES,PRODUCT,BOTH,NO,YES,PLATFORM,LOCAL,LINEAR,NO,NO,NO,NO
COMPANY392,FAILED,ANALYTICS,2,1,4,0,NO,SMALL,YES,YES,PRODUCT,NO,NO,NO,PLATFORM,LOCAL,LINEAR,NO,NO,NO,NO
COMPANY393,FAILED,OPERATION,3,0,3,0,NO,SMALL,YES,NO,SERVICE,NO,NO,NO,PLATFORM,LOCAL,NON-LINEAR,NO,NO,NO,NO
COMPANY394,FAILED,NA,1,0,2,0,NO,SMALL,NO,NO,PRODUCT,NO,NO,YES,PLATFORM,LOCAL,NON-LINEAR,NO,NO,NO,NO
COMPANY395,FAILED,SECURITY,0,1,1,0,NO,SMALL,NO,NO,SERVICE,NO,NO,NO,PLATFORM,LOCAL,NON-LINEAR,NO,NO,NO,NO
COMPANY396,FAILED,ADVERTISING,1,0,1,0,NO,SMALL,YES,YES,SERVICE,NO,NO,NO,PLATFORM,LOCAL,NON-LINEAR,NO,NO,NO,NO
COMPANY397,FAILED,ADVERTISING,2,1,2,0,NO,SMALL,YES,YES,SERVICE,NO,NO,NO,PLATFORM,LOCAL,NON-LINEAR,NO,NO,NO,NO
COMPANY398,FAILED,ADVERTISING,2,1,2,0,NO,SMALL,YES,YES,SERVICE,NO,NO,YES,PLATFORM,LOCAL,NON-LINEAR,NO,NO,NO,NO
COMPANY399,FAILED,MARKETING,2,0,3,0,NO,SMALL,YES,YES,SERVICE,NO,NO,YES,PLATFORM,LOCAL,NON-LINEAR,NO,NO,NO,NO
COMPANY400,FAILED,MARKETING,1,0,2,0,YES,LARGE,YES,YES,SERVICE,NO,NO,NO,PLATFORM,LOCAL,NON-LINEAR,NO,NO,NO,NO
COMPANY401,FAILED,ADVERTISING,3,0,3,0,NO,SMALL,YES,YES,SERVICE,NO,NO,YES,PLATFORM,LOCAL,NON-LINEAR,NO,NO,NO,NO
COMPANY404,FAILED,SEARCH,2,3,3,3,NO,LARGE,YES,YES,PRODUCT,NO,NO,NO,PLATFORM,LOCAL,LINEAR,YES,NO,NO,NO
COMPANY405,FAILED,NA,0,0,3,0,NO,LARGE,YES,YES,PRODUCT,NO,NO,NO,PLATFORM,LOCAL,NON-LINEAR,NO,NO,NO,NO
COMPANY406,FAILED,SOCIAL NETWORK,3,0,3,0,NO,SMALL,YES,YES,PRODUCT,NO,NO,NO,PLATFORM,LOCAL,LINEAR,YES,NO,NO,NO
COMPANY407,FAILED,ECOMMERCE,1,0,1,0,NO,SMALL,YES,NO,PRODUCT,NO,NO,NO,PLATFORM,LOCAL,NON-LINEAR,NO,NO,NO,NO
COMPANY408,FAILED,NA,1,0,1,0,NO,SMALL,YES,YES,SERVICE,NO,NO,YES,NONE,LOCAL,NON-LINEAR,NO,NO,NO,NO
COMPANY409,FAILED,NA,1,0,1,0,NO,SMALL,YES,YES,SERVICE,NO,NO,YES,PLATFORM,LOCAL,NON-LINEAR,NO,NO,NO,NO
COMPANY410,FAILED,ENTERTAINMENT,1,0,1,0,NO,LARGE,YES,YES,SERVICE,NO,NO,YES,PLATFORM,LOCAL  ,LINEAR,YES,NO,NO,NO
COMPANY411,FAILED,NA,1,0,1,0,NO,SMALL,YES,YES,SERVICE,NO,NO,NO,PLATFORM,LOCAL,LINEAR,YES,NO,NO,NO
COMPANY412,FAILED,NA,3,1,4,0,NO,SMALL,YES,YES,SERVICE,NO,NO,NO,PLATFORM,LOCAL,LINEAR,YES,NO,NO,NO
COMPANY413,FAILED,NA,2,0,2,0,NO,SMALL,YES,YES,SERVICE,NO,NO,NO,PLATFORM,LOCAL,NON-LINEAR,NO,NO,NO,NO
COMPANY414,FAILED,ENTERPRISE,1,0,1,0,NO,SMALL,YES,YES,SERVICE,NO,NO,NO,PLATFORM,LOCAL,NON-LINEAR,NO,NO,NO,NO
COMPANY415,FAILED,BILLING,2,0,1,0,NO,SMALL,YES,NO,SERVICE,NO,NO,YES,PLATFORM,LOCAL,NON-LINEAR,NO,NO,NO,NO
COMPANY429,FAILED,MARKETING,1,0,4,0,NO,SMALL,YES,YES,SERVICE,PRIVATE,YES,YES,PLATFORM,LOCAL,NON-LINEAR,NO,YES,NO,NO
COMPANY431,FAILED,NA,3,1,5,0,NO,SMALL,YES,YES,SERVICE,PRIVATE,NO,YES,PLATFORM,LOCAL,NON-LINEAR,NO,NO,NO,NO
COMPANY432,FAILED,NA,1,0,5,2,NO,SMALL,YES,YES,SERVICE,PRIVATE,NO,YES,PLATFORM,LOCAL,NON-LINEAR,NO,YES,NO,NO
COMPANY433,FAILED,NA,1,0,1,0,NO,LARGE,NO,NO,SERVICE,PRIVATE,NO,YES,PLATFORM,LOCAL,LINEAR,YES,NO,NO,NO
COMPANY434,FAILED,NA,1,0,1,0,NO,SMALL,YES,YES,SERVICE,PRIVATE,NO,YES,PLATFORM,LOCAL,NON-LINEAR,NO,YES,NO,NO
COMPANY435,FAILED,MARKETING,2,1,3,0,NO,MEDIUM,YES,YES,SERVICE,PRIVATE,YES,NO,PLATFORM,LOCAL,NON-LINEAR,NO,NO,NO,NO
COMPANY436,FAILED,MARKETING,1,1,2,0,NO,SMALL,NO,NO,SERVICE,PUBLIC,NO,YES,PLATFORM,GLOBAL,NON-LINEAR,NO,NO,NO,NO
COMPANY437,FAILED,SEARCH ENGINE,2,2,3,3,NO,LARGE,YES,YES,SERVICE,PUBLIC,NO,NO,PLATFORM,GLOBAL,LINEAR,YES,NO,NO,YES
COMPANY438,FAILED,MUSIC,3,0,3,0,NO,SMALL,NO,NO,SERVICE,PRIVATE,NO,YES,PLATFORM,GLOBAL,NON-LINEAR,NO,NO,YES,NO
COMPANY439,FAILED,OPERATIONS,1,0,2,0,NO,SMALL,NO,NO,PRODUCT,PRIVATE,YES,YES,PLATFORM,LOCAL,NON-LINEAR,NO,NO,NO,YES
COMPANY440,FAILED,OPERATIONS,2,1,2,0,NO,SMALL,NO,NO,PRODUCT,PRIVATE,YES,YES,PLATFORM,LOCAL,NON-LINEAR,NO,NO,NO,YES
COMPANY441,FAILED,OPERATIONS,1,0,2,0,NO,SMALL,NO,NO,SERVICE,PRIVATE,YES,YES,PLATFORM,LOCAL,NON-LINEAR,NO,NO,NO,NO
COMPANY442,FAILED,OPERATIONS,1,0,2,1,YES,SMALL,NO,NO,PRODUCT,PRIVATE,YES,YES,PLATFORM,LOCAL,NON-LINEAR,NO,NO,NO,NO
COMPANY443,FAILED,MARKETING,2,0,2,0,NO,SMALL,NO,NO,SERVICE,PRIVATE,YES,YES,CLOUD,LOCAL,NON-LINEAR,YES,NO,NO,YES
COMPANY444,FAILED,OPERATIONS,2,0,2,0,NO,SMALL,YES,YES,PRODUCT,PRIVATE,YES,YES,PLATFORM,LOCAL,NON-LINEAR,NO,NO,NO,NO
COMPANY445,FAILED,OPERATIONS,1,0,3,0,NO,SMALL,NO,NO,PRODUCT,PRIVATE,YES,YES,CLOUD,LOCAL,NON-LINEAR,NO,NO,NO,NO
COMPANY446,FAILED,"MARKETING,SALES",2,3,2,0,NO,SMALL,NO,NO,SERVICE,PRIVATE,YES,YES,CLOUD,LOCAL,NON-LINEAR,YES,NO,NO,YES
COMPANY447,FAILED,OPERATIONS,1,0,1,1,NO,SMALL,NO,NO,PRODUCT,PRIVATE,YES,YES,PLATFORM,LOCAL,NON-LINEAR,NO,NO,NO,YES
COMPANY448,FAILED,OPERATIONS,0,0,7,0,NO,MEDIUM,NO,NO,PRODUCT,PRIVATE,YES,YES,PLATFORM,GLOBAL,LINEAR,NO,NO,NO,YES
COMPANY449,FAILED,OPERATIONS,0,2,2,3,NO,SMALL,YES,YES,SERVICE,PRIVATE,YES,YES,PLATFORM,LOCAL,NON-LINEAR,NO,NO,NO,NO
COMPANY450,FAILED,"MARKETING,SALES",1,0,2,0,NO,SMALL,NO,NO,SERVICE,PRIVATE,YES,YES,PLATFORM,LOCAL,NON-LINEAR,YES,NO,NO,YES
COMPANY451,FAILED,"PRODUCTION,SALES",0,1,5,0,NO,LARGE,YES,YES,PRODUCT,PRIVATE,NO,YES,PLATFORM,LOCAL,LINEAR,YES,NO,NO,YES
COMPANY452,FAILED,OPERATIONS,3,0,3,1,NO,MEDIUM,YES,YES,SERVICE,PRIVATE,YES,YES,PLATFORM,LOCAL,NON-LINEAR,YES,NO,NO,YES
COMPANY453,FAILED,SALES,0,1,24,2,NO,LARGE,YES,YES,SERVICE,PRIVATE,YES,YES,CLOUD,GLOBAL,LINEAR,YES,NO,NO,NO
COMPANY454,FAILED,MARKETING,1,0,2,0,NO,SMALL,YES,YES,PRODUCT,PRIVATE,YES,YES,CLOUD,LOCAL,NON-LINEAR,NO,NO,NO,YES
COMPANY455,FAILED,OPERATIONS,0,3,5,0,NO,SMALL,NO,NO,PRODUCT,PRIVATE,YES,YES,CLOUD,LOCAL,NON-LINEAR,NO,NO,NO,NO
COMPANY456,FAILED,MARKETING,0,0,3,1,NO,SMALL,NO,NO,SERVICE,PRIVATE,YES,YES,CLOUD,LOCAL,NON-LINEAR,NO,NO,NO,YES
COMPANY457,FAILED,OPERATIONS,0,1,3,0,NO,SMALL,NO,NO,PRODUCT,PRIVATE,YES,YES,CLOUD,LOCAL,NON-LINEAR,NO,NO,NO,NO
COMPANY458,FAILED,OPERATIONS,2,0,2,0,YES,SMALL,NO,NO,PRODUCT,PRIVATE,YES,YES,CLOUD,LOCAL,NON-LINEAR,NO,NO,NO,NO
COMPANY460,FAILED,OPERATIONS,1,0,1,0,NO,SMALL,NO,NO,PRODUCT,PRIVATE,YES,YES,PLATFORM,LOCAL,NON-LINEAR,NO,NO,NO,NO
COMPANY461,FAILED,OPERATIONS,0,1,1,0,NO,SMALL,YES,NO,PRODUCT,PRIVATE,YES,YES,PLATFORM,LOCAL,NON-LINEAR,NO,NO,NO,YES
COMPANY462,FAILED,OPERATIONS,2,0,2,0,NO,SMALL,NO,NO,PRODUCT,PRIVATE,YES,YES,PLATFORM,LOCAL,NON-LINEAR,NO,NO,NO,YES
COMPANY463,FAILED,OPERATIONS,2,0,3,0,NO,SMALL,NO,NO,SERVICE,PRIVATE,YES,YES,CLOUD,LOCAL,NON-LINEAR,NO,NO,NO,NO
COMPANY464,FAILED,TARGETING,1,0,2,0,NO,SMALL,NO,NO,SERVICE,PUBLIC,NO,YES,PLATFORM,LOCAL,NON-LINEAR,NO,NO,NO,NO
COMPANY465,FAILED,NA,0,1,2,0,NO,SMALL,YES,NO,PRODUCT,NO,NO,YES,PLATFORM,LOCAL,NON-LINEAR,YES,NO,NO,NO
