"","Company_Name","Dependent.Company.Status","Focus.functions.of.company","Number.of.Co.founders","Number.of.of.advisors","Team.size.Senior.leadership","Number.of.of.repeat.investors","Worked.in.top.companies","Average.size.of.companies.worked.for.in.the.past","Product.or.service.company.","Focus.on.private.or.public.data.","Focus.on.consumer.data.","Cloud.or.platform.based.serive.product.","Local.or.global.player","Crowdfunding.based.business","Machine.Learning.based.business"
"1","COMPANY1","SUCCESS","OPERATION",1,2,2,4,"NO","SMALL","SERVICE","PRIVATE","NO","PLATFORM","GLOBAL","NO","NO"
"2","COMPANY2","SUCCESS","MARKETING, SALES",2,0,4,0,"YES","LARGE","PRODUCT","PUBLIC","YES","PLATFORM","LOCAL","NO","YES"
"3","COMPANY3","SUCCESS","OPERATIONS",3,0,7,0,"YES","MEDIUM","BOTH","PRIVATE","YES","CLOUD","LOCAL","NO","NO"
"4","COMPANY4","SUCCESS","MARKETING & SALES",2,0,4,0,"NO","LARGE","PRODUCT","PUBLIC","YES","PLATFORM","LOCAL","NO","NO"
"5","COMPANY5","SUCCESS","MARKETING & SALES",1,1,8,0,"NO","SMALL","PRODUCT","PUBLIC","YES","PLATFORM","LOCAL","NO","NO"
"6","COMPANY6","SUCCESS","ANALYTICS",4,0,4,2,"NO","MEDIUM","SERVICE","PUBLIC","YES","PLATFORM","LOCAL","NO","NO"
"7","COMPANY7","SUCCESS","RESEARCH",2,9,2,4,"NO","SMALL","BOTH","PUBLIC","YES","PLATFORM","LOCAL","NO","NO"
"8","COMPANY8","SUCCESS","COMPUTING",3,4,4,0,"NO","LARGE","BOTH","PRIVATE","NO","PLATFORM","LOCAL","NO","NO"
"9","COMPANY9","SUCCESS","MARKETING",2,0,2,0,"YES","MEDIUM","PRODUCT","PUBLIC","YES","PLATFORM","LOCAL","NO","NO"
"10","COMPANY10","SUCCESS","RESEARCH",3,4,3,0,"YES","MEDIUM","PRODUCT","PUBLIC","YES","PLATFORM","GLOBAL","NO","NO"
"11","COMPANY11","SUCCESS","SALES, MARKETING",2,1,8,0,"NO","SMALL","BOTH","PUBLIC","YES","PLATFORM","GLOBAL","NO","NO"
"12","COMPANY12","SUCCESS","OPERATIONS",0,1,7,1,"NO","SMALL","PRODUCT","PRIVATE","NO","PLATFORM","GLOBAL","NO","NO"
"13","COMPANY13","SUCCESS","MARKETING 
SALES",0,1,8,1,"NO","MEDIUM","PRODUCT","PRIVATE","YES","CLOUD","LOCAL","NO","NO"
"14","COMPANY14","SUCCESS","TECHNOLOGY",3,0,6,0,"NO","LARGE","PRODUCT","PUBLIC","YES","CLOUD","GLOBAL","NO","NO"
"15","COMPANY15","SUCCESS","MARKETING, SALES",2,0,5,0,"NO","MEDIUM","PRODUCT","PUBLIC","YES","PLATFORM","LOCAL","NO","YES"
"16","COMPANY16","SUCCESS","DATA MANAGEMENT",2,0,8,0,"NO","SMALL","BOTH","PUBLIC","YES","PLATFORM","GLOBAL","NO","NO"
"17","COMPANY17","SUCCESS","MARKETING",1,0,7,2,"NO","SMALL","PRODUCT","PUBLIC","YES","PLATFORM","LOCAL","NO","NO"
"18","COMPANY18","SUCCESS","MARKETING & SALES",3,0,8,2,"NO","SMALL","BOTH","BOTH","YES","PLATFORM","GLOBAL","NO","YES"
"19","COMPANY19","SUCCESS","SOLUTION PROVIDING",0,0,8,0,"YES","SMALL","BOTH","PUBLIC","YES","PLATFORM","LOCAL","NO","YES"
"20","COMPANY20","SUCCESS","MARKETING 
SALES",2,0,4,0,"NO","SMALL","PRODUCT","PRIVATE","YES","CLOUD","LOCAL","NO","NO"
"21","COMPANY21","SUCCESS","MARKETING",2,0,5,0,"YES","MEDIUM","BOTH","PRIVATE","YES","CLOUD","GLOBAL","NO","YES"
"22","COMPANY22","SUCCESS","SOCIAL MEDIA",2,0,4,0,"NO","MEDIUM","BOTH","PUBLIC","NO","PLATFORM","GLOBAL","NO","YES"
"23","COMPANY23","SUCCESS","MARKETING",3,8,3,2,"YES","MEDIUM","SERVICE","PRIVATE","YES","PLATFORM","GLOBAL","NO","NO"
"24","COMPANY24","SUCCESS","TARGETED MARKETING",2,6,5,4,"NO","SMALL","SERVICE","BOTH","NO","PLATFORM","GLOBAL","NO","NO"
"25","COMPANY25","SUCCESS","COMMUNITY BETTERMENT",2,0,2,0,"NO","SMALL","SERVICE","PUBLIC","NO","PLATFORM","LOCAL","NO","YES"
"26","COMPANY26","SUCCESS","WEB ANALYTICS",2,1,3,0,"NO","SMALL","SERVICE","PRIVATE","YES","PLATFORM","GLOBAL","NO","NO"
"27","COMPANY27","SUCCESS","STRATEGY",3,0,3,0,"NO","MEDIUM","SERVICE","PRIVATE","NO","PLATFORM","GLOBAL","NO","NO"
"28","COMPANY28","SUCCESS","SOCIAL MEDIA",1,0,1,0,"NO","SMALL","SERVICE","PRIVATE","NO","PLATFORM","GLOBAL","NO","YES"
"29","COMPANY29","SUCCESS","STRATEGY",2,8,10,2,"NO","MEDIUM","SERVICE","PRIVATE","NO","PLATFORM","LOCAL","NO","YES"
"30","COMPANY30","SUCCESS","BUG FIX",2,0,2,0,"NO","SMALL","SERVICE","PRIVATE","NO","PLATFORM","GLOBAL","NO","NO"
"31","COMPANY31","SUCCESS","DATA INTEGRATION",4,0,4,0,"NO","SMALL","SERVICE","PRIVATE","NO","PLATFORM","GLOBAL","NO","NO"
"32","COMPANY32","SUCCESS","MALWARE PROTECTION",2,0,7,3,"YES","LARGE","SERVICE","PRIVATE","NO","PLATFORM","LOCAL","NO","YES"
"33","COMPANY33","SUCCESS","ANALYTICS",3,2,5,3,"NO","SMALL","PRODUCT","BOTH","NO","PLATFORM","GLOBAL","NO","NO"
"34","COMPANY34","SUCCESS","SOCIAL MEDIA OPTIMIZATION",3,0,4,0,"NO","MEDIUM","SERVICE","BOTH","NO","PLATFORM","GLOBAL","NO","YES"
"35","COMPANY35","SUCCESS","ANALYTICS",1,0,6,1,"NO","MEDIUM","PRODUCT","PRIVATE","NO","PLATFORM","GLOBAL","NO","YES"
"36","COMPANY36","SUCCESS","MARKETING",2,6,4,0,"NO","MEDIUM","SERVICE","PUBLIC","YES","PLATFORM","GLOBAL","NO","YES"
"37","COMPANY37","SUCCESS","DATABASE MANAGEMENT",4,4,4,2,"NO","MEDIUM","SERVICE","PRIVATE","YES","PLATFORM","GLOBAL","NO","NO"
"38","COMPANY38","SUCCESS","OPERATIONS",2,3,2,1,"NO","SMALL","PRODUCT","PRIVATE","YES","PLATFORM","GLOBAL","NO","NO"
"39","COMPANY39","SUCCESS","TECHNOLOGY",2,0,4,4,"NO","MEDIUM","SERVICE","PRIVATE","YES","PLATFORM","LOCAL","NO","NO"
"40","COMPANY40","SUCCESS","ANALYTICS",5,0,5,0,"YES","SMALL","SERVICE","PUBLIC","YES","PLATFORM","GLOBAL","NO","NO"
"41","COMPANY41","SUCCESS","MARKETING",2,1,2,0,"NO","SMALL","SERVICE","PRIVATE","NO","PLATFORM","LOCAL","NO","YES"
"42","COMPANY42","SUCCESS","OPERATIONS",2,9,3,0,"NO","SMALL","PRODUCT","PRIVATE","YES","CLOUD","LOCAL","NO","YES"
"43","COMPANY43","SUCCESS","OPERATIONS",0,8,3,0,"NO","MEDIUM","SERVICE","PUBLIC","NO","PLATFORM","GLOBAL","NO","YES"
"44","COMPANY44","SUCCESS","SALES",3,0,6,1,"NO","SMALL","PRODUCT","PRIVATE","YES","CLOUD","GLOBAL","NO","NO"
"45","COMPANY45","SUCCESS","ANALYTICS",2,3,4,3,"NO","LARGE","PRODUCT","PUBLIC","NO","PLATFORM","LOCAL","NO","NO"
"46","COMPANY46","SUCCESS","TECHNOLOGY",4,10,6,0,"NO","SMALL","PRODUCT","PRIVATE","YES","CLOUD","GLOBAL","NO","NO"
"47","COMPANY47","SUCCESS","TECHNOLOGY",2,2,2,0,"NO","MEDIUM","PRODUCT","PRIVATE","NO","PLATFORM","GLOBAL","NO","NO"
"48","COMPANY48","SUCCESS","RISK",2,13,14,0,"NO","MEDIUM","PRODUCT","PRIVATE","YES","PLATFORM","GLOBAL","NO","NO"
"49","COMPANY49","SUCCESS","OPERATIONS",2,0,9,0,"NO","LARGE","SERVICE","PRIVATE","YES","PLATFORM","GLOBAL","NO","NO"
"50","COMPANY50","FAILED","MARKETING",2,0,2,3,"YES","SMALL","PRODUCT","PRIVATE","YES","CLOUD","LOCAL","NO","YES"
"51","COMPANY51","SUCCESS","MARKETING, WEB ANALYTICS",2,1,3,2,"NO","MEDIUM","SERVICE","BOTH","NO","CLOUD","GLOBAL","NO","NO"
"52","COMPANY52","SUCCESS","MARKETING",2,2,4,3,"YES","LARGE","BOTH","PRIVATE","YES","PLATFORM","GLOBAL","NO","YES"
"53","COMPANY53","SUCCESS","STRATEGY, OPERATIONS, FINACIAL PLANNING",3,5,7,4,"NO","LARGE","BOTH","PRIVATE","NO","CLOUD","GLOBAL","NO","YES"
"54","COMPANY54","SUCCESS","STRATEGY",4,3,8,5,"NO","MEDIUM","SERVICE","PRIVATE","NO","PLATFORM","GLOBAL","NO","YES"
"55","COMPANY55","SUCCESS","MARKETING",1,3,4,2,"NO","MEDIUM","SERVICE","BOTH","NO","PLATFORM","GLOBAL","NO","NO"
"56","COMPANY56","SUCCESS","DATA COLLECTION",2,2,3,1,"NO","MEDIUM","SERVICE","PRIVATE","NO","CLOUD","GLOBAL","NO","NO"
"57","COMPANY57","SUCCESS","MARKETIING",2,2,3,0,"YES","LARGE","PRODUCT","NO","NO","PLATFORM","LOCAL","NO","NO"
"58","COMPANY58","SUCCESS","MARKETING",2,2,4,0,"YES","SMALL","PRODUCT","BOTH","YES","PLATFORM","GLOBAL","NO","NO"
"59","COMPANY59","SUCCESS","ANALYTICS",2,0,2,0,"NO","SMALL","SERVICE","BOTH","YES","PLATFORM","LOCAL","NO","NO"
"60","COMPANY60","SUCCESS","ANALYTICS",2,0,2,0,"NO","MEDIUM","PRODUCT","NO","YES","PLATFORM","LOCAL","NO","NO"
"61","COMPANY61","SUCCESS","ANALYTICS",2,0,2,2,"YES","LARGE","PRODUCT","BOTH","NO","PLATFORM","GLOBAL","NO","NO"
"62","COMPANY62","SUCCESS","ANALYTICS",2,1,4,0,"NO","SMALL","SERVICE","BOTH","NO","PLATFORM","GLOBAL","NO","NO"
"63","COMPANY63","SUCCESS","SALES",2,1,2,0,"NO","LARGE","SERVICE","NO","NO","NONE","LOCAL","NO","NO"
"64","COMPANY64","SUCCESS","E-LEARNING",2,0,2,0,"NO","SMALL","PRODUCT","NO","NO","PLATFORM","GLOBAL","NO","NO"
"65","COMPANY65","SUCCESS","SALES",2,0,2,0,"NO","LARGE","PRODUCT","NO","NO","NONE","LOCAL","NO","NO"
"66","COMPANY66","SUCCESS","SOFTWARE SERVICE",2,0,1,0,"NO","SMALL","SERVICE","NO","NO","NONE","GLOBAL","NO","NO"
"67","COMPANY67","SUCCESS","MOBILE APP",4,1,5,0,"NO","SMALL","SERVICE","NO","NO","PLATFORM","GLOBAL","NO","NO"
"68","COMPANY68","SUCCESS","APPLICATION",2,0,2,0,"NO","MEDIUM","SERVICE","NO","YES","PLATFORM","LOCAL","NO","NO"
"69","COMPANY69","SUCCESS","TECHNOLOGY",2,0,2,0,"NO","SMALL","PRODUCT","NO","NO","PLATFORM","GLOBAL","NO","NO"
"70","COMPANY70","SUCCESS","ANALYTIC",4,0,4,0,"NO","SMALL","PRODUCT","BOTH","YES","PLATFORM","GLOBAL","NO","NO"
"71","COMPANY71","SUCCESS","ANALYTIC",3,0,5,0,"NO","SMALL","SERVICE","NO","YES","PLATFORM","GLOBAL","NO","NO"
"72","COMPANY72","SUCCESS","ANALYTIC",0,0,3,0,"NO","MEDIUM","PRODUCT","BOTH","YES","PLATFORM","GLOBAL","NO","NO"
"73","COMPANY73","SUCCESS","ANALYTIC",3,0,3,0,"NO","LARGE","PRODUCT","BOTH","YES","PLATFORM","GLOBAL","NO","NO"
"74","COMPANY74","SUCCESS","SOFTWARE ",2,0,3,0,"NO","LARGE","PRODUCT","NO","NO","PLATFORM","GLOBAL","NO","NO"
"75","COMPANY75","SUCCESS","SOFTWARE ",2,0,3,0,"NO","SMALL","SERVICE","BOTH","NO","PLATFORM","LOCAL","NO","NO"
"76","COMPANY76","SUCCESS","SOFTWARE ",2,0,5,0,"NO","SMALL","PRODUCT","NO","YES","PLATFORM","LOCAL","NO","NO"
"77","COMPANY77","SUCCESS","TECHNOLOGY",2,0,2,1,"NO","LARGE","SERVICE","PUBLIC","NO","BOTH","LOCAL","NO","NO"
"78","COMPANY78","SUCCESS","SOCIAL MEDIA",4,0,3,0,"NO","LARGE","SERVICE","PUBLIC","YES","BOTH","GLOBAL","NO","YES"
"79","COMPANY79","SUCCESS","SOCIAL MEDIA MANAGEMENT",3,0,3,0,"NO","MEDIUM","SERVICE","PUBLIC","YES","NONE","GLOBAL","YES","YES"
"80","COMPANY80","SUCCESS","OPERATIONS",3,1,2,0,"NO","LARGE","PRODUCT","BOTH","NO","NONE","GLOBAL","NO","YES"
"81","COMPANY81","SUCCESS","MARKETING",2,0,3,0,"NO","LARGE","SERVICE","PUBLIC","NO","BOTH","GLOBAL","NO","YES"
"82","COMPANY82","SUCCESS","PERSONAL APPS",2,0,7,0,"NO","SMALL","PRODUCT","PRIVATE","NO","BOTH","GLOBAL","NO","YES"
"83","COMPANY83","SUCCESS","CONSUMER BEHAVIOUR",5,2,5,0,"NO","SMALL","SERVICE","PUBLIC","NO","BOTH","GLOBAL","YES","YES"
"84","COMPANY84","SUCCESS","CUSTOMER SERVCE",2,0,2,0,"NO","SMALL","SERVICE","PUBLIC","NO","BOTH","GLOBAL","NO","YES"
"85","COMPANY85","SUCCESS","CUSTOMER SERVICE",4,0,2,0,"NO","SMALL","SERVICE","PUBLIC","NO","BOTH","GLOBAL","NO","YES"
"86","COMPANY86","SUCCESS","MARKETING",2,0,1,0,"NO","LARGE","SERVICE","PUBLIC","NO","BOTH","LOCAL","NO","YES"
"87","COMPANY87","SUCCESS","APP REVENUE",3,1,3,0,"NO","SMALL","SERVICE","PUBLIC","NO","BOTH","LOCAL","NO","YES"
"88","COMPANY88","SUCCESS","OPERATIONS",2,3,5,0,"NO","MEDIUM","SERVICE","PUBLIC","NO","BOTH","LOCAL","NO","NO"
"89","COMPANY89","SUCCESS","INTELLECTUAL PROPERTY ANALYSIS AND VISUALISATION",2,0,2,1,"NO","SMALL","SERVICE","PUBLIC","NO","BOTH","LOCAL","NO","YES"
"90","COMPANY90","SUCCESS","RETAIL",2,0,4,0,"NO","SMALL","SERVICE","PUBLIC","NO","BOTH","GLOBAL","NO","YES"
"91","COMPANY91","SUCCESS","DATA VISUALIZATION",0,0,6,0,"YES","SMALL","SERVICE","BOTH","YES","BOTH","GLOBAL","NO","NO"
"92","COMPANY92","SUCCESS","ANALYTICS",0,0,12,0,"NO","LARGE","PRODUCT","BOTH","YES","NONE","GLOBAL","NO","YES"
"93","COMPANY93","SUCCESS","SERVICE",3,2,8,0,"NO","SMALL","SERVICE","NO","NO","CLOUD","LOCAL","NO","NO"
"94","COMPANY94","SUCCESS","ANALYTICS",2,2,12,0,"YES","LARGE","SERVICE","BOTH","YES","PLATFORM","GLOBAL","NO","NO"
"95","COMPANY95","SUCCESS","ANALYTICS",0,0,2,0,"NO","LARGE","SERVICE","BOTH","YES","PLATFORM","LOCAL","NO","NO"
"96","COMPANY96","SUCCESS","MARKETING",2,0,3,0,"NO","MEDIUM","PRODUCT","NO","NO","PLATFORM","GLOBAL","NO","NO"
"97","COMPANY97","SUCCESS","SOCIAL MEDIA",3,1,3,0,"NO","SMALL","SERVICE","BOTH","YES","NONE","GLOBAL","NO","NO"
"98","COMPANY98","SUCCESS","SALES",4,0,4,0,"NO","SMALL","SERVICE","BOTH","YES","PLATFORM","LOCAL","NO","NO"
"99","COMPANY99","SUCCESS","SERVICE",2,0,2,0,"NO","SMALL","PRODUCT","BOTH","NO","PLATFORM","LOCAL","NO","NO"
"100","COMPANY100","SUCCESS","SERVICE",2,0,4,0,"NO","MEDIUM","PRODUCT","BOTH","YES","PLATFORM","LOCAL","NO","NO"
"101","COMPANY101","SUCCESS","SERVICE",2,0,4,2,"NO","MEDIUM","PRODUCT","NO","NO","PLATFORM","LOCAL","NO","NO"
"102","COMPANY102","SUCCESS","ANALYTICS",3,0,3,0,"NO","SMALL","PRODUCT","BOTH","YES","PLATFORM","GLOBAL","NO","NO"
"103","COMPANY103","SUCCESS","SECURITY",2,0,4,0,"NO","SMALL","PRODUCT","BOTH","NO","PLATFORM","GLOBAL","NO","YES"
"104","COMPANY104","SUCCESS","SERVICE",1,0,1,0,"NO","MEDIUM","SERVICE","BOTH","YES","PLATFORM","GLOBAL","NO","NO"
"105","COMPANY105","SUCCESS","SERVICE",0,1,7,0,"NO","MEDIUM","SERVICE","BOTH","YES","CLOUD","GLOBAL","NO","NO"
"106","COMPANY106","SUCCESS","MARKETING",1,0,2,0,"NO","SMALL","SERVICE","NO","NO","CLOUD","GLOBAL","NO","NO"
"107","COMPANY107","SUCCESS","OPERATION",3,2,5,1,"NO","SMALL","SERVICE","PRIVATE","YES","CLOUD","GLOBAL","NO","NO"
"108","COMPANY108","SUCCESS","MARKETING, SALES",2,0,2,2,"YES","LARGE","SERVICE","PRIVATE","NO","CLOUD","GLOBAL","NO","NO"
"109","COMPANY109","SUCCESS","MARKETING",1,0,3,0,"NO","SMALL","PRODUCT","PUBLIC","YES","CLOUD","GLOBAL","NO","NO"
"110","COMPANY110","SUCCESS","RESEARCH",0,0,3,0,"NO","SMALL","SERVICE","PUBLIC","YES","CLOUD","LOCAL","NO","NO"
"111","COMPANY111","SUCCESS","OPERATIONS, SALES, MARKETING",2,1,5,0,"NO","MEDIUM","BOTH","PRIVATE","YES","PLATFORM","LOCAL","NO","NO"
"112","COMPANY112","SUCCESS","OPERATIONS",3,4,4,0,"NO","LARGE","BOTH","PUBLIC","NO","CLOUD","GLOBAL","NO","NO"
"113","COMPANY113","SUCCESS","RESEARCH",0,0,3,0,"NO","SMALL","PRODUCT","BOTH","YES","PLATFORM","LOCAL","NO","YES"
"114","COMPANY114","SUCCESS","MARKETING & SALES",0,0,4,0,"YES","LARGE","PRODUCT","PUBLIC","YES","PLATFORM","LOCAL","NO","NO"
"115","COMPANY115","SUCCESS","MARKETING & SALES",1,2,4,0,"YES","LARGE","BOTH","PUBLIC","YES","PLATFORM","GLOBAL","NO","NO"
"116","COMPANY116","SUCCESS","OPERATIONS",0,0,3,0,"YES","LARGE","PRODUCT","PUBLIC","YES","PLATFORM","GLOBAL","NO","NO"
"117","COMPANY117","SUCCESS","MARKETING, TECHNOLOGY, FINANCE & ACCOUNTING, CUSTOMER SERVICE",0,4,4,0,"NO","SMALL","PRODUCT","BOTH","YES","PLATFORM","LOCAL","NO","NO"
"118","COMPANY118","SUCCESS","OPERATION",3,0,4,0,"NO","MEDIUM","SERVICE","PRIVATE","NO","PLATFORM","LOCAL","NO","NO"
"119","COMPANY119","SUCCESS","COMPUTING, TRAINING",2,7,5,3,"NO","SMALL","BOTH","PRIVATE","NO","CLOUD","GLOBAL","NO","NO"
"120","COMPANY120","SUCCESS","MARKETING",2,1,8,0,"NO","MEDIUM","PRODUCT","PUBLIC","YES","PLATFORM","LOCAL","NO","NO"
"121","COMPANY121","SUCCESS","MARKETING",0,0,7,0,"NO","MEDIUM","PRODUCT","PRIVATE","YES","PLATFORM","LOCAL","NO","NO"
"122","COMPANY122","SUCCESS","OPERATIONS, MARKETING",1,0,4,0,"NO","SMALL","PRODUCT","PRIVATE","YES","PLATFORM","LOCAL","NO","YES"
"123","COMPANY123","SUCCESS","SOCIAL ADVERTISING",0,4,2,0,"NO","LARGE","PRODUCT","PUBLIC","YES","CLOUD","GLOBAL","NO","NO"
"124","COMPANY124","SUCCESS","RESEARCH",3,7,7,1,"NO","MEDIUM","PRODUCT","PUBLIC","YES","PLATFORM","LOCAL","NO","NO"
"125","COMPANY125","SUCCESS","OPERATIONS",2,0,4,1,"YES","LARGE","PRODUCT","PRIVATE","NO","CLOUD","LOCAL","NO","NO"
"126","COMPANY126","SUCCESS","MARKETING, SALES",5,0,6,0,"NO","LARGE","PRODUCT","BOTH","YES","PLATFORM","GLOBAL","NO","YES"
"127","COMPANY127","SUCCESS","MARKETING",1,7,9,2,"NO","LARGE","PRODUCT","BOTH","YES","CLOUD","LOCAL","NO","NO"
"128","COMPANY128","SUCCESS","MARKETING, SALES",2,0,3,0,"NO","MEDIUM","BOTH","PUBLIC","YES","PLATFORM","LOCAL","NO","NO"
"129","COMPANY129","SUCCESS","OPERATION",1,0,5,0,"NO","SMALL","PRODUCT","BOTH","NO","CLOUD","GLOBAL","NO","NO"
"130","COMPANY130","SUCCESS","RISK",0,0,10,0,"NO","LARGE","BOTH","BOTH","YES","PLATFORM","LOCAL","NO","NO"
"131","COMPANY131","SUCCESS","MARKETING, SALES",0,0,6,3,"NO","SMALL","PRODUCT","BOTH","YES","PLATFORM","GLOBAL","NO","NO"
"132","COMPANY132","SUCCESS","MARKETING 
SALES",2,0,12,1,"NO","SMALL","PRODUCT","PRIVATE","YES","CLOUD","GLOBAL","NO","NO"
"133","COMPANY133","SUCCESS","RESEARCH",3,3,4,0,"NO","MEDIUM","PRODUCT","PUBLIC","YES","PLATFORM","GLOBAL","NO","NO"
"134","COMPANY134","SUCCESS","DATA COLLECTION ",1,0,8,0,"NO","SMALL","PRODUCT","PUBLIC","YES","PLATFORM","LOCAL","NO","YES"
"135","COMPANY135","SUCCESS","MARKETING",1,0,1,0,"NO","SMALL","PRODUCT","PRIVATE","NO","CLOUD","LOCAL","NO","NO"
"136","COMPANY136","FAILED","DEVELOPMENT, MARKETING, AND ADMINISTRATION",3,1,5,0,"NO","MEDIUM","BOTH","PRIVATE","YES","PLATFORM","LOCAL","NO","NO"
"137","COMPANY137","FAILED","IT & SALES",0,0,8,0,"NO","LARGE","PRODUCT","NO","NO","PLATFORM","LOCAL","NO","NO"
"138","COMPANY138","FAILED","SOCIAL NEWS",1,0,6,0,"YES","MEDIUM","PRODUCT","PUBLIC","NO","PLATFORM","GLOBAL","NO","NO"
"139","COMPANY139","FAILED","WEB",3,0,5,0,"NO","SMALL","PRODUCT","PUBLIC","YES","PLATFORM","GLOBAL","NO","YES"
"140","COMPANY140","FAILED","SALE",0,0,5,1,"NO","SMALL","SERVICE","PUBLIC","NO","PLATFORM","LOCAL","NO","NO"
"141","COMPANY142","FAILED","OPERATION",0,0,5,0,"NO","SMALL","PRODUCT","NO","NO","PLATFORM","GLOBAL","NO","NO"
"142","COMPANY143","FAILED","SALES",1,0,1,0,"NO","SMALL","PRODUCT","NO","NO","PLATFORM","LOCAL","NO","NO"
"143","COMPANY145","FAILED","CONSUMER WEB",3,0,5,0,"NO","MEDIUM","PRODUCT","PUBLIC","NO","CLOUD","LOCAL","NO","NO"
"144","COMPANY146","FAILED","WRITING BLOG",0,0,1,0,"NO","SMALL","PRODUCT","PUBLIC","YES","PLATFORM","GLOBAL","NO","NO"
"145","COMPANY148","FAILED","CURATED WEB",1,0,1,0,"NO","MEDIUM","SERVICE","PRIVATE","NO","PLATFORM","GLOBAL","NO","NO"
"146","COMPANY149","SUCCESS","MARKETING",2,0,6,1,"NO","SMALL","SERVICE","PRIVATE","NO","PLATFORM","LOCAL","NO","NO"
"147","COMPANY150","FAILED","DATA MANAGEMENT",1,0,1,0,"NO","SMALL","SERVICE","PRIVATE","NO","PLATFORM","LOCAL","NO","NO"
"148","COMPANY151","FAILED","RECOMMENDATION ",3,2,6,0,"NO","SMALL","SERVICE","PRIVATE","NO","PLATFORM","LOCAL","NO","YES"
"149","COMPANY152","SUCCESS","MARKETING",3,2,4,1,"NO","SMALL","SERVICE","PUBLIC","YES","PLATFORM","LOCAL","NO","NO"
"150","COMPANY153","FAILED","WEB",2,0,2,1,"NO","SMALL","SERVICE","PRIVATE","NO","PLATFORM","GLOBAL","NO","NO"
"151","COMPANY154","FAILED","MARKETING",2,0,2,0,"YES","SMALL","SERVICE","PRIVATE","NO","PLATFORM","GLOBAL","NO","NO"
"152","COMPANY155","SUCCESS","MARKETING,SALES,RISK,OPERATIONS",2,0,3,0,"NO","LARGE","SERVICE","PRIVATE","YES","CLOUD","GLOBAL","NO","NO"
"153","COMPANY156","SUCCESS","STRATEGY",3,6,11,4,"NO","MEDIUM","PRODUCT","PUBLIC","YES","PLATFORM","GLOBAL","NO","NO"
"154","COMPANY157","SUCCESS","STRATEGY",2,0,6,6,"NO","MEDIUM","PRODUCT","PRIVATE","NO","BOTH","GLOBAL","NO","NO"
"155","COMPANY158","SUCCESS","MARKETING",2,0,3,0,"NO","SMALL","SERVICE","BOTH","YES","PLATFORM","GLOBAL","NO","YES"
"156","COMPANY159","FAILED","MARKETING",2,1,2,0,"YES","SMALL","SERVICE","PRIVATE","NO","PLATFORM","GLOBAL","NO","NO"
"157","COMPANY160","FAILED","CURATED WEB",2,0,3,0,"NO","MEDIUM","SERVICE","PUBLIC","NO","PLATFORM","GLOBAL","NO","YES"
"158","COMPANY161","SUCCESS","DEVELOPMENT TOOL",1,6,5,0,"NO","MEDIUM","SERVICE","PRIVATE","NO","PLATFORM","GLOBAL","NO","YES"
"159","COMPANY162","SUCCESS","STRATEGY",4,1,4,4,"NO","SMALL","SERVICE","PRIVATE","NO","PLATFORM","LOCAL","NO","NO"
"160","COMPANY163","SUCCESS","TOOL",2,3,3,3,"NO","LARGE","PRODUCT","PRIVATE","NO","BOTH","GLOBAL","NO","YES"
"161","COMPANY164","SUCCESS","CUSTOMER RETENTION, CUSTOMER FEEDBACK",2,0,2,0,"NO","SMALL","SERVICE","PRIVATE","YES","PLATFORM","LOCAL","NO","NO"
"162","COMPANY165","SUCCESS","INVENTORY MANAGEMENT",3,0,4,0,"NO","SMALL","SERVICE","PRIVATE","NO","PLATFORM","LOCAL","NO","YES"
"163","COMPANY166","SUCCESS","ENERGY SAVING",2,0,6,3,"NO","LARGE","SERVICE","PRIVATE","YES","PLATFORM","LOCAL","NO","NO"
"164","COMPANY167","SUCCESS","OPTIMIZATION, CRM, PRICING",2,4,7,1,"YES","MEDIUM","SERVICE","PRIVATE","NO","PLATFORM","GLOBAL","NO","YES"
"165","COMPANY168","SUCCESS","SOCIAL MEDIA OPTIMIZATION",1,4,5,0,"NO","SMALL","SERVICE","PRIVATE","NO","PLATFORM","GLOBAL","NO","NO"
"166","COMPANY169","SUCCESS","MANY",1,5,7,3,"NO","SMALL","SERVICE","PRIVATE","NO","PLATFORM","GLOBAL","NO","YES"
"167","COMPANY170","FAILED","GAMES",2,1,3,0,"NO","SMALL","SERVICE","PRIVATE","NO","PLATFORM","GLOBAL","NO","NO"
"168","COMPANY171","SUCCESS","MARKETING, CUSTOMER TARGETING",2,0,2,0,"NO","SMALL","SERVICE","PRIVATE","NO","PLATFORM","GLOBAL","NO","YES"
"169","COMPANY172","FAILED","ENTERTAINMENT",3,1,4,0,"NO","SMALL","PRODUCT","PRIVATE","NO","PLATFORM","LOCAL","YES","NO"
"170","COMPANY173","SUCCESS","DATABASE MANAGEMENT",3,4,6,1,"NO","MEDIUM","PRODUCT","PRIVATE","NO","PLATFORM","GLOBAL","NO","NO"
"171","COMPANY174","SUCCESS","DATABASE MANAGEMENT",1,6,7,0,"NO","MEDIUM","SERVICE","PRIVATE","NO","PLATFORM","GLOBAL","NO","NO"
"172","COMPANY175","SUCCESS","SEARCH ENGINENOPTIMIZATION",2,0,3,0,"YES","LARGE","PRODUCT","PRIVATE","NO","PLATFORM","GLOBAL","NO","YES"
"173","COMPANY176","SUCCESS","INFORMATION MANAGEMENT",1,1,2,0,"NO","SMALL","SERVICE","PRIVATE","YES","PLATFORM","LOCAL","NO","NO"
"174","COMPANY177","SUCCESS","STRATEGY",2,2,1,2,"YES","LARGE","SERVICE","PRIVATE","YES","PLATFORM","GLOBAL","NO","NO"
"175","COMPANY178","SUCCESS","TECHNOLOGY",3,3,8,2,"YES","LARGE","SERVICE","PRIVATE","YES","PLATFORM","GLOBAL","NO","YES"
"176","COMPANY179","SUCCESS","TECHNOLOGY",2,2,3,2,"NO","SMALL","SERVICE","PRIVATE","YES","PLATFORM","GLOBAL","NO","NO"
"177","COMPANY180","SUCCESS","OPERATIONS",2,5,2,10,"YES","MEDIUM","SERVICE","PRIVATE","YES","PLATFORM","GLOBAL","NO","NO"
"178","COMPANY181","SUCCESS","STRATEGY",2,6,4,0,"NO","MEDIUM","SERVICE","PRIVATE","YES","CLOUD","GLOBAL","NO","NO"
"179","COMPANY182","SUCCESS","SOCIAL MEDIA ANALYTICS",3,0,3,0,"YES","MEDIUM","PRODUCT","PRIVATE","YES","PLATFORM","GLOBAL","NO","NO"
"180","COMPANY183","SUCCESS","MARKETING",2,0,2,0,"NO","SMALL","SERVICE","PRIVATE","YES","PLATFORM","GLOBAL","NO","NO"
"181","COMPANY184","SUCCESS","OPERATIONS",3,0,3,0,"NO","MEDIUM","SERVICE","PRIVATE","YES","PLATFORM","GLOBAL","YES","YES"
"182","COMPANY185","SUCCESS","OPERATIONS",2,4,3,5,"NO","SMALL","PRODUCT","PRIVATE","YES","CLOUD","GLOBAL","NO","NO"
"183","COMPANY186","SUCCESS","MARKETING",3,9,9,0,"NO","SMALL","PRODUCT","PRIVATE","YES","PLATFORM","LOCAL","NO","NO"
"184","COMPANY187","SUCCESS","OPERATIONS",0,1,4,0,"NO","SMALL","SERVICE","PUBLIC","NO","CLOUD","LOCAL","NO","NO"
"185","COMPANY188","SUCCESS","OPERATIONS",2,0,2,1,"NO","SMALL","SERVICE","PRIVATE","YES","PLATFORM","LOCAL","NO","YES"
"186","COMPANY189","SUCCESS","OPERATIONS",2,1,4,0,"NO","MEDIUM","PRODUCT","PUBLIC","YES","CLOUD","LOCAL","NO","NO"
"187","COMPANY190","SUCCESS","TECHNOLOGY",2,2,5,2,"YES","MEDIUM","PRODUCT","PRIVATE","YES","CLOUD","GLOBAL","NO","NO"
"188","COMPANY191","SUCCESS","MARKETING, STRATEGY",1,4,6,1,"YES","LARGE","PRODUCT","PRIVATE","YES","PLATFORM","GLOBAL","NO","NO"
"189","COMPANY192","SUCCESS","MARKETING",2,0,2,1,"NO","MEDIUM","PRODUCT","PRIVATE","YES","PLATFORM","GLOBAL","NO","NO"
"190","COMPANY193","SUCCESS","TECHNOLOGY",2,8,2,1,"NO","MEDIUM","SERVICE","PRIVATE","YES","CLOUD","GLOBAL","NO","NO"
"191","COMPANY194","SUCCESS","STRATEGY",2,6,4,3,"NO","MEDIUM","PRODUCT","PRIVATE","YES","PLATFORM","GLOBAL","NO","NO"
"192","COMPANY195","SUCCESS","CUSTOMER ENGAGEMENT",2,6,6,0,"NO","MEDIUM","SERVICE","PRIVATE","YES","PLATFORM","GLOBAL","NO","NO"
"193","COMPANY196","SUCCESS","OPERATIONS",1,11,6,2,"NO","LARGE","PRODUCT","PRIVATE","YES","PLATFORM","GLOBAL","NO","NO"
"194","COMPANY197","SUCCESS","TECHNOLOGY",2,2,3,3,"NO","MEDIUM","PRODUCT","PRIVATE","NO","CLOUD","GLOBAL","NO","NO"
"195","COMPANY198","SUCCESS","MARKETING",2,2,2,3,"YES","MEDIUM","SERVICE","PRIVATE","YES","PLATFORM","GLOBAL","NO","YES"
"196","COMPANY199","SUCCESS","TECHNOLOGY",2,1,2,1,"YES","MEDIUM","SERVICE","PRIVATE","YES","CLOUD","GLOBAL","NO","NO"
"197","COMPANY200","SUCCESS","TECHNOLOGY",2,0,6,3,"YES","MEDIUM","PRODUCT","PRIVATE","NO","CLOUD","GLOBAL","NO","NO"
"198","COMPANY201","SUCCESS","OPERATIONS",2,1,10,6,"YES","MEDIUM","PRODUCT","PRIVATE","YES","PLATFORM","GLOBAL","NO","YES"
"199","COMPANY202","SUCCESS","OPERATIONS",2,0,2,0,"NO","SMALL","PRODUCT","PRIVATE","YES","CLOUD","GLOBAL","NO","YES"
"200","COMPANY203","SUCCESS","SALES",2,6,6,0,"NO","MEDIUM","PRODUCT","PRIVATE","YES","CLOUD","LOCAL","NO","YES"
"201","COMPANY204","SUCCESS","MARKETING",0,0,5,0,"NO","MEDIUM","PRODUCT","PRIVATE","YES","CLOUD","LOCAL","NO","NO"
"202","COMPANY205","SUCCESS","TECHNOLOGY",2,3,5,0,"YES","MEDIUM","SERVICE","PRIVATE","YES","CLOUD","GLOBAL","NO","NO"
"203","COMPANY206","SUCCESS","TECHNOLOGY",2,3,4,2,"YES","MEDIUM","PRODUCT","PRIVATE","YES","PLATFORM","GLOBAL","NO","NO"
"204","COMPANY207","SUCCESS","OPERATIONS",2,4,3,1,"YES","LARGE","SERVICE","PRIVATE","YES","PLATFORM","GLOBAL","NO","NO"
"205","COMPANY208","SUCCESS","SOCIAL MEDIA ANALYTICS",1,1,7,0,"YES","SMALL","PRODUCT","PRIVATE","YES","PLATFORM","GLOBAL","NO","NO"
"206","COMPANY209","SUCCESS","OPERATIONS",2,2,4,4,"YES","MEDIUM","SERVICE","PRIVATE","YES","PLATFORM","LOCAL","NO","YES"
"207","COMPANY210","SUCCESS","OPERATIONS",1,0,5,0,"YES","MEDIUM","PRODUCT","PRIVATE","YES","PLATFORM","GLOBAL","NO","NO"
"208","COMPANY211","SUCCESS","OPERATIONS",1,0,6,2,"YES","SMALL","PRODUCT","PRIVATE","YES","PLATFORM","LOCAL","NO","NO"
"209","COMPANY212","SUCCESS","STRATEGY",0,0,8,0,"YES","LARGE","SERVICE","PRIVATE","YES","PLATFORM","GLOBAL","NO","NO"
"210","COMPANY213","SUCCESS","TECHNOLOGY",1,0,4,0,"NO","SMALL","SERVICE","PRIVATE","YES","PLATFORM","GLOBAL","NO","NO"
"211","COMPANY214","SUCCESS","MARKETING",4,2,7,2,"YES","MEDIUM","SERVICE","PRIVATE","YES","PLATFORM","GLOBAL","NO","NO"
"212","COMPANY215","SUCCESS","MARKETING",1,0,1,0,"NO","MEDIUM","PRODUCT","PRIVATE","YES","PLATFORM","LOCAL","NO","NO"
"213","COMPANY216","SUCCESS","MARKETING, STRATEGY",2,1,2,0,"YES","SMALL","SERVICE","PRIVATE","YES","PLATFORM","GLOBAL","NO","NO"
"214","COMPANY217","SUCCESS","OPERATIONS",2,1,2,0,"NO","LARGE","SERVICE","PRIVATE","NO","PLATFORM","GLOBAL","NO","NO"
"215","COMPANY218","SUCCESS","OPERATIONS",1,10,7,0,"YES","MEDIUM","PRODUCT","PRIVATE","YES","CLOUD","GLOBAL","NO","NO"
"216","COMPANY219","SUCCESS","MARKETING",0,0,5,3,"NO","MEDIUM","PRODUCT","PRIVATE","YES","CLOUD","GLOBAL","NO","NO"
"217","COMPANY220","SUCCESS","OPERATIONS",3,0,9,0,"YES","LARGE","SERVICE","PRIVATE","YES","PLATFORM","GLOBAL","NO","NO"
"218","COMPANY221","SUCCESS","OPERATIONS",2,0,5,0,"NO","MEDIUM","SERVICE","PRIVATE","YES","PLATFORM","GLOBAL","NO","NO"
"219","COMPANY222","SUCCESS","MARKETING, PROCUREMENT, HUMAN RESOURCES",3,0,8,0,"YES","MEDIUM","SERVICE","PRIVATE","YES","PLATFORM","GLOBAL","NO","NO"
"220","COMPANY223","SUCCESS","OPERATIONS",0,0,3,0,"YES","SMALL","PRODUCT","PRIVATE","NO","CLOUD","LOCAL","NO","YES"
"221","COMPANY224","FAILED","OPERATIONS",2,0,3,0,"NO","SMALL","PRODUCT","PRIVATE","YES","CLOUD","GLOBAL","NO","YES"
"222","COMPANY225","FAILED","OPERATIONS",0,1,2,0,"NO","SMALL","PRODUCT","PRIVATE","YES","PLATFORM","LOCAL","NO","YES"
"223","COMPANY226","SUCCESS","SALES",2,3,4,1,"YES","SMALL","PRODUCT","PRIVATE","YES","CLOUD","LOCAL","NO","NO"
"224","COMPANY227","FAILED","OPERATIONS",2,1,2,3,"NO","SMALL","PRODUCT","PRIVATE","YES","PLATFORM","LOCAL","NO","YES"
"225","COMPANY228","FAILED","OPERATIONS",1,3,2,1,"NO","MEDIUM","SERVICE","PRIVATE","YES","CLOUD","LOCAL","NO","NO"
"226","COMPANY229","SUCCESS","CRM, MARKETING, HUMAN RESOURCES",2,1,2,0,"YES","SMALL","SERVICE","PRIVATE","NO","BOTH","GLOBAL","NO","YES"
"227","COMPANY230","SUCCESS","MARKETING",2,0,3,0,"NO","MEDIUM","SERVICE","BOTH","NO","PLATFORM","GLOBAL","NO","YES"
"228","COMPANY231","SUCCESS","MARKETING",2,0,2,0,"NO","LARGE","SERVICE","PRIVATE","NO","PLATFORM","GLOBAL","NO","YES"
"229","COMPANY232","SUCCESS","DATABASE MANAGEMENT",3,2,3,1,"NO","SMALL","BOTH","PRIVATE","YES","CLOUD","GLOBAL","NO","NO"
"230","COMPANY234","SUCCESS","CRM",3,3,6,2,"NO","SMALL","PRODUCT","PRIVATE","YES","CLOUD","GLOBAL","NO","NO"
"231","COMPANY235","SUCCESS","MARKETING",5,5,10,2,"NO","LARGE","SERVICE","PRIVATE","NO","CLOUD","GLOBAL","NO","YES"
"232","COMPANY236","SUCCESS","MERCHANDISING, MARKETING",3,0,3,0,"NO","SMALL","SERVICE","PRIVATE","NO","PLATFORM","LOCAL","NO","NO"
"233","COMPANY237","FAILED","TRAVEL PLANNING",1,2,3,0,"YES","MEDIUM","SERVICE","PUBLIC","NO","PLATFORM","GLOBAL","NO","NO"
"234","COMPANY238","SUCCESS","MARKETING",4,0,6,0,"YES","MEDIUM","SERVICE","PUBLIC","YES","PLATFORM","GLOBAL","NO","NO"
"235","COMPANY239","SUCCESS","MARKETING",2,0,2,0,"NO","LARGE","BOTH","PUBLIC","YES","PLATFORM","GLOBAL","NO","YES"
"236","COMPANY240","SUCCESS","DATA VISUALIZATION, CONTENT MARKETING, PRESENTATIONS",4,8,8,4,"NO","MEDIUM","SERVICE","PRIVATE","NO","CLOUD","GLOBAL","NO","NO"
"237","COMPANY241","FAILED","NEWS",2,0,2,0,"NO","SMALL","SERVICE","PUBLIC","NO","PLATFORM","LOCAL","NO","NO"
"238","COMPANY242","SUCCESS","ANALTICS",2,0,2,0,"NO","LARGE","PRODUCT","BOTH","YES","PLATFORM","LOCAL","NO","NO"
"239","COMPANY243","SUCCESS","ANALYTICS",2,0,3,2,"NO","MEDIUM","PRODUCT","BOTH","NO","PLATFORM","GLOBAL","NO","NO"
"240","COMPANY244","SUCCESS","SECURITY",1,1,10,1,"NO","LARGE","SERVICE","BOTH","NO","PLATFORM","GLOBAL","NO","NO"
"241","COMPANY245","SUCCESS","SOCIAL MEDIA",2,0,2,0,"NO","SMALL","SERVICE","NO","NO","NONE","GLOBAL","NO","NO"
"242","COMPANY246","SUCCESS","ELEARNING",2,0,1,0,"NO","MEDIUM","PRODUCT","NO","NO","PLATFORM","LOCAL","NO","NO"
"243","COMPANY247","SUCCESS","SERVICE",2,0,3,0,"NO","MEDIUM","SERVICE","NO","NO","PLATFORM","LOCAL","NO","NO"
"244","COMPANY248","SUCCESS","ANALYTICS",5,0,8,0,"NO","MEDIUM","SERVICE","BOTH","YES","PLATFORM","GLOBAL","NO","NO"
"245","COMPANY249","SUCCESS","PHONE INTELLIGENCE",2,0,5,0,"NO","MEDIUM","PRODUCT","PUBLIC","NO","BOTH","GLOBAL","NO","YES"
"246","COMPANY250","SUCCESS","SOCIAL BRANDING",0,1,1,0,"NO","MEDIUM","SERVICE","BOTH","YES","BOTH","GLOBAL","NO","YES"
"247","COMPANY251","SUCCESS","SOCIAL MEDIA",2,0,2,0,"NO","SMALL","SERVICE","PUBLIC","YES","BOTH","GLOBAL","NO","YES"
"248","COMPANY252","SUCCESS","REPORTING",4,0,1,2,"NO","SMALL","PRODUCT","PUBLIC","NO","BOTH","GLOBAL","NO","NO"
"249","COMPANY253","SUCCESS","MARKETING",3,0,3,0,"NO","SMALL","PRODUCT","PUBLIC","NO","BOTH","GLOBAL","NO","YES"
"250","COMPANY254","SUCCESS","DASHBOARDS",2,0,5,0,"NO","MEDIUM","PRODUCT","BOTH","NO","BOTH","GLOBAL","NO","YES"
"251","COMPANY255","SUCCESS","TECHNOLOGY",3,3,3,0,"NO","MEDIUM","PRODUCT","BOTH","NO","BOTH","GLOBAL","NO","YES"
"252","COMPANY256","SUCCESS","LOCALIZED BEHAVIOUR",2,1,1,0,"NO","SMALL","PRODUCT","PUBLIC","NO","BOTH","GLOBAL","YES","YES"
"253","COMPANY257","SUCCESS","VIDEO STREAMING",3,0,1,0,"NO","SMALL","SERVICE","PUBLIC","NO","BOTH","GLOBAL","NO","YES"
"254","COMPANY258","SUCCESS","OPERATIONS",3,0,1,0,"NO","MEDIUM","SERVICE","PUBLIC","NO","BOTH","GLOBAL","NO","YES"
"255","COMPANY259","SUCCESS","PAYMENT",0,0,4,0,"NO","LARGE","SERVICE","PRIVATE","YES","BOTH","LOCAL","NO","NO"
"256","COMPANY260","SUCCESS","MARKETING",1,0,2,0,"NO","SMALL","SERVICE","PUBLIC","NO","BOTH","LOCAL","NO","YES"
"257","COMPANY261","SUCCESS","SOFTWARE",2,0,6,0,"NO","SMALL","SERVICE","NO","NO","PLATFORM","LOCAL","NO","YES"
"258","COMPANY262","SUCCESS","WEB",1,1,9,1,"NO","SMALL","SERVICE","PUBLIC","NO","BOTH","GLOBAL","NO","NO"
"259","COMPANY263","FAILED","CURATED WEB",1,2,1,0,"NO","SMALL","PRODUCT","NO","NO","PLATFORM","GLOBAL","NO","NO"
"260","COMPANY264","FAILED","NETWORKING",3,0,5,0,"NO","MEDIUM","PRODUCT","NO","NO","PLATFORM","LOCAL","NO","NO"
"261","COMPANY265","SUCCESS","WIRELESS",2,1,3,0,"NO","SMALL","PRODUCT","NO","NO","PLATFORM","LOCAL","NO","NO"
"262","COMPANY266","SUCCESS","CURATED WEB",1,0,5,0,"NO","SMALL","PRODUCT","NO","NO","PLATFORM","LOCAL","NO","NO"
"263","COMPANY267","FAILED","CURATED WEB",0,0,2,0,"NO","SMALL","PRODUCT","NO","NO","PLATFORM","LOCAL","NO","NO"
"264","COMPANY268","FAILED","ADVERTISING",1,0,3,0,"NO","SMALL","SERVICE","NO","NO","PLATFORM","LOCAL","NO","NO"
"265","COMPANY270","FAILED","WEB",2,0,2,0,"NO","SMALL","PRODUCT","NO","NO","PLATFORM","LOCAL","NO","NO"
"266","COMPANY271","FAILED","NETWORKING",3,0,3,0,"NO","LARGE","SERVICE","BOTH","NO","PLATFORM","LOCAL","NO","NO"
"267","COMPANY272","FAILED","SOFTWARE",3,0,3,0,"NO","SMALL","SERVICE","NO","NO","PLATFORM","GLOBAL","NO","NO"
"268","COMPANY273","FAILED","WEB",1,0,1,0,"NO","SMALL","PRODUCT","NO","NO","PLATFORM","LOCAL","NO","NO"
"269","COMPANY274","FAILED","ADVERTISING",4,0,4,0,"NO","SMALL","SERVICE","NO","NO","PLATFORM","GLOBAL","NO","NO"
"270","COMPANY275","FAILED","MARKETING",2,0,2,0,"YES","LARGE","SERVICE","NO","NO","PLATFORM","LOCAL","NO","NO"
"271","COMPANY276","FAILED","GAME",2,0,2,0,"NO","SMALL","PRODUCT","NO","NO","PLATFORM","LOCAL","NO","NO"
"272","COMPANY277","FAILED","SOFTWARE",1,0,1,0,"NO","SMALL","PRODUCT","NO","NO","PLATFORM","LOCAL","NO","NO"
"273","COMPANY278","FAILED","SOFTWARE",1,1,1,0,"NO","LARGE","PRODUCT","NO","NO","PLATFORM","LOCAL","NO","NO"
"274","COMPANY279","FAILED","SEARCH",2,0,2,0,"NO","SMALL","SERVICE","NO","NO","PLATFORM","LOCAL","NO","NO"
"275","COMPANY280","FAILED","OPERATION",2,0,2,0,"NO","SMALL","SERVICE","NO","NO","PLATFORM","GLOBAL","NO","NO"
"276","COMPANY281","FAILED","OPERATION",3,0,4,0,"NO","SMALL","SERVICE","NO","NO","PLATFORM","LOCAL","NO","NO"
"277","COMPANY283","FAILED","SALE",3,0,3,0,"NO","LARGE","SERVICE","NO","NO","PLATFORM","LOCAL","NO","NO"
"278","COMPANY284","FAILED","OPERATION",1,0,3,1,"NO","SMALL","PRODUCT","NO","NO","PLATFORM","LOCAL","NO","NO"
"279","COMPANY285","FAILED","ENTERTAINMENT",1,0,3,1,"NO","MEDIUM","SERVICE","NO","NO","PLATFORM","GLOBAL","NO","NO"
"280","COMPANY286","FAILED","ADVERTISING",1,0,1,0,"NO","SMALL","PRODUCT","NO","NO","PLATFORM","LOCAL","NO","NO"
"281","COMPANY287","FAILED","GAME",2,0,2,0,"NO","SMALL","PRODUCT","NO","NO","PLATFORM","LOCAL","NO","NO"
"282","COMPANY288","FAILED","SOFTWARE",5,0,5,0,"NO","SMALL","PRODUCT","NO","NO","PLATFORM","GLOBAL","NO","NO"
"283","COMPANY289","FAILED","SALE",1,0,2,0,"NO","SMALL","SERVICE","NO","NO","PLATFORM","GLOBAL","NO","NO"
"284","COMPANY290","FAILED","OPERATION",4,0,4,0,"NO","SMALL","SERVICE","NO","NO","PLATFORM","LOCAL","NO","NO"
"285","COMPANY291","FAILED","OPERATION",3,1,3,0,"NO","MEDIUM","SERVICE","NO","NO","PLATFORM","LOCAL","NO","NO"
"286","COMPANY292","FAILED","OPERATION",3,2,2,0,"NO","MEDIUM","SERVICE","NO","NO","PLATFORM","LOCAL","NO","NO"
"287","COMPANY293","FAILED","OPERATION",2,0,2,0,"NO","LARGE","SERVICE","NO","NO","PLATFORM","LOCAL","NO","NO"
"288","COMPANY294","FAILED","ADVERTISING",1,0,1,0,"NO","LARGE","SERVICE","NO","NO","PLATFORM","LOCAL","NO","NO"
"289","COMPANY295","FAILED","ADVERTISING",2,2,2,0,"NO","MEDIUM","SERVICE","NO","NO","PLATFORM","LOCAL","NO","NO"
"290","COMPANY296","FAILED","CONSSUMER WEB",2,0,2,0,"NO","MEDIUM","SERVICE","NO","NO","PLATFORM","LOCAL","NO","NO"
"291","COMPANY297","FAILED","ONLINE MUSIC",1,1,2,0,"NO","MEDIUM","PRODUCT","NO","NO","PLATFORM","LOCAL","NO","NO"
"292","COMPANY298","FAILED","MEDIA",2,0,3,0,"NO","LARGE","SERVICE","NO","NO","PLATFORM","LOCAL","NO","NO"
"293","COMPANY299","SUCCESS","SALES",2,0,2,0,"NO","LARGE","PRODUCT","NO","NO","PLATFORM","LOCAL","NO","NO"
"294","COMPANY300","SUCCESS","CLOUD COMPUTING",2,0,2,0,"NO","SMALL","SERVICE","PUBLIC","NO","BOTH","GLOBAL","NO","NO"
"295","COMPANY301","SUCCESS","SALE",3,0,3,1,"NO","MEDIUM","SERVICE","PUBLIC","NO","BOTH","LOCAL","NO","NO"
"296","COMPANY302","SUCCESS","OPERATION",7,0,3,1,"NO","SMALL","SERVICE","PUBLIC","NO","BOTH","GLOBAL","YES","YES"
"297","COMPANY303","SUCCESS","SOCIAL COMMERCE",2,0,2,0,"NO","MEDIUM","SERVICE","NO","NO","NONE","GLOBAL","YES","YES"
"298","COMPANY304","SUCCESS","MARKETING",3,1,5,0,"NO","MEDIUM","SERVICE","PUBLIC","NO","BOTH","GLOBAL","YES","NO"
"299","COMPANY305","SUCCESS","ANALYTICS",2,0,3,0,"NO","MEDIUM","SERVICE","PUBLIC","NO","BOTH","GLOBAL","YES","NO"
"300","COMPANY306","SUCCESS","OPERATION",4,3,8,4,"NO","SMALL","SERVICE","PUBLIC","NO","PLATFORM","LOCAL","YES","YES"
"301","COMPANY307","SUCCESS","FINANCE",4,0,7,0,"YES","MEDIUM","SERVICE","PUBLIC","NO","BOTH","GLOBAL","YES","YES"
"302","COMPANY308","SUCCESS","SOCIAL MEDIA MARKETING",2,0,4,1,"NO","MEDIUM","PRODUCT","PUBLIC","NO","BOTH","GLOBAL","YES","YES"
"303","COMPANY309","SUCCESS","MARKETING",3,0,8,0,"NO","MEDIUM","SERVICE","PUBLIC","YES","BOTH","GLOBAL","NO","NO"
"304","COMPANY310","SUCCESS","OPERATION",2,1,6,3,"NO","MEDIUM","PRODUCT","BOTH","YES","NONE","GLOBAL","YES","YES"
"305","COMPANY311","SUCCESS","SOCIAL NETWORK",3,1,5,1,"NO","MEDIUM","PRODUCT","BOTH","YES","NONE","GLOBAL","YES","YES"
"306","COMPANY312","SUCCESS","N",1,0,1,0,"YES","MEDIUM","PRODUCT","PUBLIC","NO","NONE","GLOBAL","YES","NO"
"307","COMPANY313","SUCCESS","PUBLISHING",1,6,2,0,"NO","MEDIUM","PRODUCT","PUBLIC","NO","BOTH","GLOBAL","NO","NO"
"308","COMPANY314","SUCCESS","GLOBAL",2,0,4,1,"NO","MEDIUM","SERVICE","BOTH","NO","NONE","LOCAL","YES","YES"
"309","COMPANY315","SUCCESS","\",2,0,6,0,"NO","SMALL","SERVICE","PUBLIC","NO","BOTH","GLOBAL","YES","YES"
"310","COMPANY316","SUCCESS","GLOBAL",2,1,6,2,"YES","SMALL","SERVICE","PUBLIC","NO","BOTH","LOCAL","NO","YES"
"311","COMPANY317","SUCCESS","MUSIC INTELLIGECE",2,3,7,0,"NO","SMALL","SERVICE","PUBLIC","NO","PLATFORM","GLOBAL","NO","NO"
"312","COMPANY318","SUCCESS","LOCATION BASED SERVICE",1,0,1,0,"NO","SMALL","SERVICE","PUBLIC","NO","BOTH","GLOBAL","NO","YES"
"313","COMPANY319","SUCCESS","SOCIAL TV ANALYTICS",1,0,2,0,"NO","MEDIUM","SERVICE","PUBLIC","NO","BOTH","GLOBAL","NO","YES"
"314","COMPANY320","SUCCESS","DATA DRIVEN APPLICATIONS",3,1,6,1,"NO","MEDIUM","SERVICE","BOTH","NO","PLATFORM","GLOBAL","NO","NO"
"315","COMPANY321","SUCCESS","IPHONE APPS",3,1,5,1,"YES","MEDIUM","SERVICE","PUBLIC","NO","BOTH","GLOBAL","NO","NO"
"316","COMPANY322","SUCCESS","ANALYTICS",2,2,5,1,"YES","SMALL","PRODUCT","PUBLIC","NO","NONE","GLOBAL","NO","NO"
"317","COMPANY323","FAILED","FINANCE",2,1,2,0,"NO","MEDIUM","SERVICE","PUBLIC","NO","BOTH","LOCAL","NO","NO"
"318","COMPANY324","SUCCESS","ANALYTICS",2,0,4,0,"NO","SMALL","PRODUCT","NO","NO","PLATFORM","GLOBAL","NO","NO"
"319","COMPANY325","SUCCESS","MARKETING",1,2,11,0,"NO","SMALL","PRODUCT","PUBLIC","NO","NONE","GLOBAL","YES","YES"
"320","COMPANY326","SUCCESS","TECHNOLOGY",3,1,3,2,"NO","SMALL","PRODUCT","BOTH","NO","BOTH","GLOBAL","NO","YES"
"321","COMPANY328","FAILED","MARKETING",2,1,8,2,"NO","SMALL","SERVICE","PUBLIC","NO","BOTH","LOCAL","NO","NO"
"322","COMPANY330","SUCCESS","SALES,MARKETING",1,0,1,0,"NO","SMALL","PRODUCT","PUBLIC","NO","NONE","GLOBAL","NO","NO"
"323","COMPANY331","SUCCESS","MARKETING",3,1,3,0,"NO","SMALL","SERVICE","PUBLIC","NO","NONE","LOCAL","NO","YES"
"324","COMPANY332","SUCCESS","NETWORK OPTIMIZATION",2,0,4,1,"NO","MEDIUM","SERVICE","BOTH","NO","NONE","GLOBAL","NO","YES"
"325","COMPANY333","FAILED","PRIVACY",1,0,1,1,"NO","SMALL","SERVICE","PUBLIC","NO","BOTH","GLOBAL","NO","NO"
"326","COMPANY334","SUCCESS","TARGETING OPTIMIZE",1,0,3,1,"YES","LARGE","SERVICE","PUBLIC","NO","NONE","GLOBAL","NO","YES"
"327","COMPANY335","SUCCESS","MAIL REPORTS",2,0,6,1,"NO","MEDIUM","PRODUCT","PUBLIC","NO","NONE","GLOBAL","NO","YES"
"328","COMPANY336","SUCCESS","BIG DATA ANALYTICS",3,0,3,1,"NO","SMALL","PRODUCT","PUBLIC","NO","NONE","GLOBAL","NO","YES"
"329","COMPANY337","SUCCESS","ENTERTAINMENT",1,0,2,1,"NO","MEDIUM","SERVICE","NO","NO","PLATFORM","GLOBAL","NO","NO"
"330","COMPANY338","FAILED","METRICS",2,0,2,0,"NO","SMALL","PRODUCT","PRIVATE","NO","NONE","GLOBAL","NO","YES"
"331","COMPANY339","SUCCESS","MARKETING",1,0,2,0,"NO","SMALL","PRODUCT","PUBLIC","NO","NONE","LOCAL","NO","YES"
"332","COMPANY340","FAILED","MARKETING",1,0,1,1,"NO","SMALL","PRODUCT","PUBLIC","NO","BOTH","LOCAL","NO","NO"
"333","COMPANY341","SUCCESS","MARKETING",4,0,5,0,"NO","SMALL","PRODUCT","PUBLIC","NO","BOTH","GLOBAL","NO","YES"
"334","COMPANY342","SUCCESS","PRICING",0,0,1,0,"YES","SMALL","PRODUCT","PUBLIC","NO","NONE","GLOBAL","NO","NO"
"335","COMPANY343","FAILED","ANALYTICS",2,0,2,0,"NO","SMALL","PRODUCT","PUBLIC","NO","BOTH","GLOBAL","NO","YES"
"336","COMPANY344","SUCCESS","RESEARCH",3,3,4,0,"NO","MEDIUM","PRODUCT","PUBLIC","YES","PLATFORM","GLOBAL","NO","NO"
"337","COMPANY345","FAILED","SALES",1,0,1,0,"NO","SMALL","PRODUCT","NO","NO","PLATFORM","LOCAL","NO","NO"
"338","COMPANY346","SUCCESS","MARKETING",2,0,2,0,"NO","SMALL","SERVICE","PRIVATE","YES","PLATFORM","GLOBAL","NO","NO"
"339","COMPANY347","SUCCESS","SALES",2,0,2,0,"NO","LARGE","PRODUCT","NO","NO","NONE","GLOBAL","NO","NO"
"340","COMPANY348","SUCCESS","SERVICE",3,0,3,0,"NO","MEDIUM","PRODUCT","NO","NO","PLATFORM","GLOBAL","NO","NO"
"341","COMPANY349","SUCCESS","MOBILE APP DEVELOPMENT",1,0,7,0,"NO","LARGE","PRODUCT","NO","NO","PLATFORM","GLOBAL","NO","NO"
"342","COMPANY350","SUCCESS","SERVICE",3,0,3,0,"NO","MEDIUM","PRODUCT","NO","NO","PLATFORM","LOCAL","NO","NO"
"343","COMPANY351","SUCCESS","ANALYTIC",2,0,2,0,"NO","SMALL","SERVICE","BOTH","YES","PLATFORM","GLOBAL","NO","NO"
"344","COMPANY352","SUCCESS","SOFTWARE ",1,0,5,0,"NO","LARGE","PRODUCT","NO","NO","PLATFORM","GLOBAL","NO","NO"
"345","COMPANY353","SUCCESS",NA,2,0,2,0,"NO","LARGE","SERVICE","BOTH","YES","PLATFORM","GLOBAL","NO","NO"
"346","COMPANY354","SUCCESS","MRKTING",0,1,2,0,"NO","SMALL","PRODUCT","BOTH","YES","BOTH","GLOBAL","NO","YES"
"347","COMPANY355","SUCCESS","REVENUE MAXIMIZATION",2,1,4,0,"NO","LARGE","PRODUCT","BOTH","NO","BOTH","GLOBAL","NO","YES"
"348","COMPANY356","SUCCESS","TECHNOLOGY",2,0,2,0,"NO","SMALL","SERVICE","BOTH","NO","BOTH","GLOBAL","NO","YES"
"349","COMPANY357","SUCCESS","SOCIAL MEDIA ANALYTICS",1,0,5,1,"NO","SMALL","SERVICE","PRIVATE","NO","NONE","GLOBAL","NO","YES"
"350","COMPANY358","SUCCESS","SOCIAL MEDIA",4,0,3,0,"NO","LARGE","SERVICE","PUBLIC","YES","BOTH","GLOBAL","NO","YES"
"351","COMPANY359","SUCCESS","MARKETING",3,0,3,0,"NO","SMALL","PRODUCT","PUBLIC","NO","BOTH","GLOBAL","NO","YES"
"352","COMPANY361","SUCCESS","ANALYTICS CROWDSOURCING",2,0,2,0,"NO","SMALL","PRODUCT","PUBLIC","NO","BOTH","GLOBAL","YES","YES"
"353","COMPANY362","SUCCESS","TECHNOLOGY",3,0,3,0,"NO","MEDIUM","SERVICE","PUBLIC","NO","BOTH","GLOBAL","YES","YES"
"354","COMPANY363","SUCCESS","MARKETING",2,0,3,2,"NO","SMALL","SERVICE","PUBLIC","NO","BOTH","LOCAL","NO","YES"
"355","COMPANY364","SUCCESS","ANALYTICS",2,0,2,0,"YES","SMALL","SERVICE","PUBLIC","NO","BOTH","LOCAL","NO","YES"
"356","COMPANY365","SUCCESS","MARKETING",2,0,1,0,"NO","MEDIUM","SERVICE","PUBLIC","NO","BOTH","GLOBAL","NO","YES"
"357","COMPANY366","SUCCESS","APP",2,0,1,0,"NO","SMALL","SERVICE","PUBLIC","NO","BOTH","LOCAL","NO","NO"
"358","COMPANY368","FAILED","WEB",2,0,2,0,"NO","SMALL","PRODUCT","NO","NO","PLATFORM","LOCAL","NO","NO"
"359","COMPANY369","SUCCESS","ANALYTICS",2,0,4,0,"NO","SMALL","PRODUCT","NO","NO","PLATFORM","GLOBAL","NO","NO"
"360","COMPANY370","FAILED","MARKETING",1,0,1,1,"NO","SMALL","PRODUCT","PUBLIC","NO","BOTH","LOCAL","NO","NO"
"361","COMPANY371","FAILED","SOFTWARE ",2,0,2,0,"NO","SMALL","PRODUCT","BOTH","YES","PLATFORM","GLOBAL","NO","NO"
"362","COMPANY372","SUCCESS","ANALYTICS",2,0,3,0,"NO","SMALL","PRODUCT","BOTH","YES","PLATFORM","LOCAL","NO","NO"
"363","COMPANY373","SUCCESS","ANALYTICS",3,0,3,0,"NO","SMALL","PRODUCT","BOTH","NO","PLATFORM","LOCAL","NO","NO"
"364","COMPANY374","FAILED","ANALYTICS",3,1,5,6,"NO","SMALL","SERVICE","NO","NO","PLATFORM","GLOBAL","NO","NO"
"365","COMPANY375","FAILED","ANALYTICS",1,0,1,0,"NO","MEDIUM","SERVICE","BOTH","YES","PLATFORM","LOCAL","NO","NO"
"366","COMPANY376","SUCCESS","CURATED WEB",0,0,4,0,"NO","LARGE","PRODUCT","NO","NO","CLOUD","GLOBAL","NO","NO"
"367","COMPANY377","SUCCESS","SOCIAL",1,0,1,0,"NO","SMALL","PRODUCT","NO","NO","PLATFORM","LOCAL","NO","NO"
"368","COMPANY378","FAILED","OPERATION",2,0,2,0,"NO","SMALL","PRODUCT","NO","NO","NONE","LOCAL","NO","NO"
"369","COMPANY379","SUCCESS","OPERATION",0,0,1,1,"NO","SMALL","PRODUCT","NO","NO","NONE","LOCAL","NO","NO"
"370","COMPANY380","SUCCESS","OPERATION",3,0,2,2,"NO","MEDIUM","PRODUCT","NO","NO","PLATFORM","LOCAL","NO","NO"
"371","COMPANY381","FAILED","OPERATION",3,0,3,0,"NO","SMALL","PRODUCT","NO","NO","PLATFORM","GLOBAL","NO","NO"
"372","COMPANY382","FAILED","OPERATION",4,0,3,3,"NO","SMALL","PRODUCT","NO","NO","PLATFORM","LOCAL","NO","NO"
"373","COMPANY383","FAILED","OPERATION",4,0,4,2,"NO","MEDIUM","PRODUCT","BOTH","NO","NONE","LOCAL","NO","NO"
"374","COMPANY384","FAILED","OPERATION",6,7,6,2,"YES","LARGE","PRODUCT","NO","NO","PLATFORM","GLOBAL","NO","NO"
"375","COMPANY385","FAILED","ANALYTICS",3,3,10,2,"YES","LARGE","PRODUCT","BOTH","YES","PLATFORM","LOCAL","NO","NO"
"376","COMPANY386","FAILED","ANALYTICS",1,2,1,0,"YES","MEDIUM","SERVICE","NO","YES","PLATFORM","LOCAL","NO","NO"
"377","COMPANY387","FAILED","ANALYTICS",4,2,10,0,"NO","SMALL","SERVICE","BOTH","NO","PLATFORM","LOCAL","NO","NO"
"378","COMPANY388","FAILED","ANALYTICS",2,0,4,0,"NO","MEDIUM","SERVICE","BOTH","NO","PLATFORM","GLOBAL","NO","NO"
"379","COMPANY389","FAILED","MANAGEMENT",2,2,4,0,"YES","LARGE","PRODUCT","BOTH","NO","PLATFORM","LOCAL","NO","NO"
"380","COMPANY390","FAILED","ANALYTICS",1,1,2,0,"YES","SMALL","PRODUCT","NO","NO","PLATFORM","LOCAL","NO","NO"
"381","COMPANY391","FAILED","ANALYTICS",2,2,4,1,"NO","SMALL","PRODUCT","BOTH","NO","PLATFORM","LOCAL","NO","NO"
"382","COMPANY392","FAILED","ANALYTICS",2,1,4,0,"NO","SMALL","PRODUCT","NO","NO","PLATFORM","LOCAL","NO","NO"
"383","COMPANY393","FAILED","OPERATION",3,0,3,0,"NO","SMALL","SERVICE","NO","NO","PLATFORM","LOCAL","NO","NO"
"384","COMPANY394","FAILED",NA,1,0,2,0,"NO","SMALL","PRODUCT","NO","NO","PLATFORM","LOCAL","NO","NO"
"385","COMPANY395","FAILED","SECURITY",0,1,1,0,"NO","SMALL","SERVICE","NO","NO","PLATFORM","LOCAL","NO","NO"
"386","COMPANY396","FAILED","ADVERTISING",1,0,1,0,"NO","SMALL","SERVICE","NO","NO","PLATFORM","LOCAL","NO","NO"
"387","COMPANY397","FAILED","ADVERTISING",2,1,2,0,"NO","SMALL","SERVICE","NO","NO","PLATFORM","LOCAL","NO","NO"
"388","COMPANY398","FAILED","ADVERTISING",2,1,2,0,"NO","SMALL","SERVICE","NO","NO","PLATFORM","LOCAL","NO","NO"
"389","COMPANY399","FAILED","MARKETING",2,0,3,0,"NO","SMALL","SERVICE","NO","NO","PLATFORM","LOCAL","NO","NO"
"390","COMPANY400","FAILED","MARKETING",1,0,2,0,"YES","LARGE","SERVICE","NO","NO","PLATFORM","LOCAL","NO","NO"
"391","COMPANY401","FAILED","ADVERTISING",3,0,3,0,"NO","SMALL","SERVICE","NO","NO","PLATFORM","LOCAL","NO","NO"
"392","COMPANY404","FAILED","SEARCH",2,3,3,3,"NO","LARGE","PRODUCT","NO","NO","PLATFORM","LOCAL","NO","NO"
"393","COMPANY405","FAILED",NA,0,0,3,0,"NO","LARGE","PRODUCT","NO","NO","PLATFORM","LOCAL","NO","NO"
"394","COMPANY406","FAILED","SOCIAL NETWORK",3,0,3,0,"NO","SMALL","PRODUCT","NO","NO","PLATFORM","LOCAL","NO","NO"
"395","COMPANY407","FAILED","ECOMMERCE",1,0,1,0,"NO","SMALL","PRODUCT","NO","NO","PLATFORM","LOCAL","NO","NO"
"396","COMPANY408","FAILED",NA,1,0,1,0,"NO","SMALL","SERVICE","NO","NO","NONE","LOCAL","NO","NO"
"397","COMPANY409","FAILED",NA,1,0,1,0,"NO","SMALL","SERVICE","NO","NO","PLATFORM","LOCAL","NO","NO"
"398","COMPANY410","FAILED","ENTERTAINMENT",1,0,1,0,"NO","LARGE","SERVICE","NO","NO","PLATFORM","LOCAL  ","NO","NO"
"399","COMPANY411","FAILED",NA,1,0,1,0,"NO","SMALL","SERVICE","NO","NO","PLATFORM","LOCAL","NO","NO"
"400","COMPANY412","FAILED",NA,3,1,4,0,"NO","SMALL","SERVICE","NO","NO","PLATFORM","LOCAL","NO","NO"
"401","COMPANY413","FAILED",NA,2,0,2,0,"NO","SMALL","SERVICE","NO","NO","PLATFORM","LOCAL","NO","NO"
"402","COMPANY414","FAILED","ENTERPRISE",1,0,1,0,"NO","SMALL","SERVICE","NO","NO","PLATFORM","LOCAL","NO","NO"
"403","COMPANY415","FAILED","BILLING",2,0,1,0,"NO","SMALL","SERVICE","NO","NO","PLATFORM","LOCAL","NO","NO"
"404","COMPANY429","FAILED","MARKETING",1,0,4,0,"NO","SMALL","SERVICE","PRIVATE","YES","PLATFORM","LOCAL","NO","NO"
"405","COMPANY431","FAILED",NA,3,1,5,0,"NO","SMALL","SERVICE","PRIVATE","NO","PLATFORM","LOCAL","NO","NO"
"406","COMPANY432","FAILED",NA,1,0,5,2,"NO","SMALL","SERVICE","PRIVATE","NO","PLATFORM","LOCAL","NO","NO"
"407","COMPANY433","FAILED",NA,1,0,1,0,"NO","LARGE","SERVICE","PRIVATE","NO","PLATFORM","LOCAL","NO","NO"
"408","COMPANY434","FAILED",NA,1,0,1,0,"NO","SMALL","SERVICE","PRIVATE","NO","PLATFORM","LOCAL","NO","NO"
"409","COMPANY435","FAILED","MARKETING",2,1,3,0,"NO","MEDIUM","SERVICE","PRIVATE","YES","PLATFORM","LOCAL","NO","NO"
"410","COMPANY436","FAILED","MARKETING",1,1,2,0,"NO","SMALL","SERVICE","PUBLIC","NO","PLATFORM","GLOBAL","NO","NO"
"411","COMPANY437","FAILED","SEARCH ENGINE",2,2,3,3,"NO","LARGE","SERVICE","PUBLIC","NO","PLATFORM","GLOBAL","NO","YES"
"412","COMPANY438","FAILED","MUSIC",3,0,3,0,"NO","SMALL","SERVICE","PRIVATE","NO","PLATFORM","GLOBAL","YES","NO"
"413","COMPANY439","FAILED","OPERATIONS",1,0,2,0,"NO","SMALL","PRODUCT","PRIVATE","YES","PLATFORM","LOCAL","NO","YES"
"414","COMPANY440","FAILED","OPERATIONS",2,1,2,0,"NO","SMALL","PRODUCT","PRIVATE","YES","PLATFORM","LOCAL","NO","YES"
"415","COMPANY441","FAILED","OPERATIONS",1,0,2,0,"NO","SMALL","SERVICE","PRIVATE","YES","PLATFORM","LOCAL","NO","NO"
"416","COMPANY442","FAILED","OPERATIONS",1,0,2,1,"YES","SMALL","PRODUCT","PRIVATE","YES","PLATFORM","LOCAL","NO","NO"
"417","COMPANY443","FAILED","MARKETING",2,0,2,0,"NO","SMALL","SERVICE","PRIVATE","YES","CLOUD","LOCAL","NO","YES"
"418","COMPANY444","FAILED","OPERATIONS",2,0,2,0,"NO","SMALL","PRODUCT","PRIVATE","YES","PLATFORM","LOCAL","NO","NO"
"419","COMPANY445","FAILED","OPERATIONS",1,0,3,0,"NO","SMALL","PRODUCT","PRIVATE","YES","CLOUD","LOCAL","NO","NO"
"420","COMPANY446","FAILED","MARKETING,SALES",2,3,2,0,"NO","SMALL","SERVICE","PRIVATE","YES","CLOUD","LOCAL","NO","YES"
"421","COMPANY447","FAILED","OPERATIONS",1,0,1,1,"NO","SMALL","PRODUCT","PRIVATE","YES","PLATFORM","LOCAL","NO","YES"
"422","COMPANY448","FAILED","OPERATIONS",0,0,7,0,"NO","MEDIUM","PRODUCT","PRIVATE","YES","PLATFORM","GLOBAL","NO","YES"
"423","COMPANY449","FAILED","OPERATIONS",0,2,2,3,"NO","SMALL","SERVICE","PRIVATE","YES","PLATFORM","LOCAL","NO","NO"
"424","COMPANY450","FAILED","MARKETING,SALES",1,0,2,0,"NO","SMALL","SERVICE","PRIVATE","YES","PLATFORM","LOCAL","NO","YES"
"425","COMPANY451","FAILED","PRODUCTION,SALES",0,1,5,0,"NO","LARGE","PRODUCT","PRIVATE","NO","PLATFORM","LOCAL","NO","YES"
"426","COMPANY452","FAILED","OPERATIONS",3,0,3,1,"NO","MEDIUM","SERVICE","PRIVATE","YES","PLATFORM","LOCAL","NO","YES"
"427","COMPANY453","FAILED","SALES",0,1,24,2,"NO","LARGE","SERVICE","PRIVATE","YES","CLOUD","GLOBAL","NO","NO"
"428","COMPANY454","FAILED","MARKETING",1,0,2,0,"NO","SMALL","PRODUCT","PRIVATE","YES","CLOUD","LOCAL","NO","YES"
"429","COMPANY455","FAILED","OPERATIONS",0,3,5,0,"NO","SMALL","PRODUCT","PRIVATE","YES","CLOUD","LOCAL","NO","NO"
"430","COMPANY456","FAILED","MARKETING",0,0,3,1,"NO","SMALL","SERVICE","PRIVATE","YES","CLOUD","LOCAL","NO","YES"
"431","COMPANY457","FAILED","OPERATIONS",0,1,3,0,"NO","SMALL","PRODUCT","PRIVATE","YES","CLOUD","LOCAL","NO","NO"
"432","COMPANY458","FAILED","OPERATIONS",2,0,2,0,"YES","SMALL","PRODUCT","PRIVATE","YES","CLOUD","LOCAL","NO","NO"
"433","COMPANY460","FAILED","OPERATIONS",1,0,1,0,"NO","SMALL","PRODUCT","PRIVATE","YES","PLATFORM","LOCAL","NO","NO"
"434","COMPANY461","FAILED","OPERATIONS",0,1,1,0,"NO","SMALL","PRODUCT","PRIVATE","YES","PLATFORM","LOCAL","NO","YES"
"435","COMPANY462","FAILED","OPERATIONS",2,0,2,0,"NO","SMALL","PRODUCT","PRIVATE","YES","PLATFORM","LOCAL","NO","YES"
"436","COMPANY463","FAILED","OPERATIONS",2,0,3,0,"NO","SMALL","SERVICE","PRIVATE","YES","CLOUD","LOCAL","NO","NO"
"437","COMPANY464","FAILED","TARGETING",1,0,2,0,"NO","SMALL","SERVICE","PUBLIC","NO","PLATFORM","LOCAL","NO","NO"
"438","COMPANY465","FAILED",NA,0,1,2,0,"NO","SMALL","PRODUCT","NO","NO","PLATFORM","LOCAL","NO","NO"
